,date,county,weekly_cases,weekly_deaths,prev_value,cases_wow,cases_wow2,deaths_wow,deaths_wow2,cases_4w_trend,deaths_4w_trend
0,2020-03-14,Albany County,,,,0.0,no change,0.0,no change,,
1,2020-03-21,Albany County,83.0,0.0,,0.0,no change,0.0,no change,,
2,2020-03-28,Albany County,107.0,1.0,0.0,0.2891566265060241,5% to 50%,110.0,100%+,,
3,2020-04-04,Albany County,98.0,5.0,1.0,-0.08411214953271028,-50% to -5%,4.0,100%+,,
4,2020-04-11,Albany County,153.0,10.0,5.0,0.5612244897959183,50% to 100%,1.0,50% to 100%,20.099999999999994,3.3999999999999995
5,2020-04-18,Albany County,202.0,10.0,10.0,0.3202614379084967,5% to 50%,0.0,no change,33.99999999999999,3.2
6,2020-04-25,Albany County,251.0,17.0,10.0,0.24257425742574257,5% to 50%,0.7,50% to 100%,50.79999999999999,3.5999999999999988
7,2020-05-02,Albany County,339.0,17.0,17.0,0.350597609561753,5% to 50%,0.0,no change,60.7,2.8
8,2020-05-09,Albany County,178.0,47.0,17.0,-0.4749262536873156,-50% to -5%,1.7647058823529411,100%+,1.599999999999998,11.1
9,2020-05-16,Albany County,156.0,20.0,47.0,-0.12359550561797752,-50% to -5%,-0.574468085106383,-100% to -50%,-44.599999999999994,3.8999999999999995
10,2020-05-23,Albany County,198.0,11.0,20.0,0.2692307692307692,5% to 50%,-0.45,-50% to -5%,-44.49999999999999,-4.5
11,2020-05-30,Albany County,73.0,4.0,11.0,-0.6313131313131313,-100% to -50%,-0.6363636363636364,-100% to -50%,-27.29999999999999,-13.799999999999995
12,2020-06-06,Albany County,110.0,4.0,4.0,0.5068493150684932,50% to 100%,0.0,no change,-26.299999999999994,-5.499999999999999
13,2020-06-13,Albany County,63.0,6.0,4.0,-0.42727272727272725,-50% to -5%,0.5,5% to 50%,-36.79999999999998,-1.4999999999999993
14,2020-06-20,Albany County,37.0,5.0,6.0,-0.4126984126984127,-50% to -5%,-0.16666666666666666,-50% to -5%,-15.499999999999998,0.49999999999999983
15,2020-06-27,Albany County,38.0,2.0,5.0,0.02702702702702703,no change,-0.6,-100% to -50%,-24.199999999999996,-0.6999999999999998
16,2020-03-21,Allegany County,,,,0.0,no change,0.0,no change,,
17,2020-03-28,Allegany County,0.0,0.0,,0.0,no change,0.0,no change,,
18,2020-04-04,Allegany County,14.0,1.0,0.0,100.0,100%+,110.0,100%+,,
19,2020-04-11,Allegany County,10.0,0.0,1.0,-0.2857142857142857,-50% to -5%,-1.0,,,
20,2020-04-18,Allegany County,4.0,0.0,0.0,-0.6,-100% to -50%,0.0,no change,0.7999999999999998,-0.09999999999999998
21,2020-04-25,Allegany County,5.0,0.0,0.0,0.25,5% to 50%,0.0,no change,-3.3,-0.29999999999999993
22,2020-05-02,Allegany County,0.0,0.0,0.0,-1.0,,0.0,no change,-2.9000000000000004,0.0
23,2020-05-09,Allegany County,0.0,0.0,0.0,0.0,no change,0.0,no change,-1.6999999999999997,0.0
24,2020-05-16,Allegany County,9.0,0.0,0.0,100.0,100%+,0.0,no change,1.1999999999999997,0.0
25,2020-05-23,Allegany County,0.0,0.0,0.0,-1.0,,0.0,no change,0.8999999999999996,0.0
26,2020-05-30,Allegany County,1.0,0.0,0.0,100.0,100%+,0.0,no change,-0.5999999999999996,0.0
27,2020-06-06,Allegany County,6.0,0.0,0.0,5.0,100%+,0.0,no change,-0.7999999999999995,0.0
28,2020-06-13,Allegany County,3.0,0.0,0.0,-0.5,-100% to -50%,0.0,no change,1.4,0.0
29,2020-06-20,Allegany County,4.0,0.0,0.0,0.3333333333333333,5% to 50%,0.0,no change,0.5999999999999999,0.0
30,2020-06-27,Allegany County,0.0,0.0,0.0,-1.0,,0.0,no change,-1.6999999999999995,0.0
31,2020-03-14,Broome County,,,,0.0,no change,0.0,no change,,
32,2020-03-21,Broome County,1.0,1.0,,0.0,no change,0.0,no change,,
33,2020-03-28,Broome County,21.0,2.0,1.0,20.0,100%+,1.0,50% to 100%,,
34,2020-04-04,Broome County,42.0,1.0,2.0,1.0,50% to 100%,-0.5,-100% to -50%,,
35,2020-04-11,Broome County,52.0,2.0,1.0,0.23809523809523808,5% to 50%,1.0,50% to 100%,17.400000000000002,0.19999999999999996
36,2020-04-18,Broome County,69.0,0.0,2.0,0.3269230769230769,5% to 50%,-1.0,,15.399999999999997,-0.5
37,2020-04-25,Broome County,65.0,7.0,0.0,-0.057971014492753624,-50% to -5%,110.0,100%+,8.6,1.5999999999999996
38,2020-05-02,Broome County,54.0,5.0,7.0,-0.16923076923076924,-50% to -5%,-0.2857142857142857,-50% to -5%,0.20000000000000095,1.5999999999999996
39,2020-05-09,Broome County,67.0,7.0,5.0,0.24074074074074073,5% to 50%,0.4,5% to 50%,-1.6999999999999995,1.8999999999999995
40,2020-05-16,Broome County,41.0,7.0,7.0,-0.3880597014925373,-50% to -5%,0.0,no change,-5.899999999999998,0.19999999999999996
41,2020-05-23,Broome County,72.0,9.0,7.0,0.7560975609756098,50% to 100%,0.2857142857142857,5% to 50%,2.8,1.1999999999999997
42,2020-05-30,Broome County,76.0,9.0,9.0,0.05555555555555555,5% to 50%,0.0,no change,5.799999999999998,0.7999999999999998
43,2020-06-06,Broome County,52.0,4.0,9.0,-0.3157894736842105,-50% to -5%,-0.5555555555555556,-100% to -50%,3.7,-0.8999999999999996
44,2020-06-13,Broome County,34.0,5.0,4.0,-0.34615384615384615,-50% to -5%,0.25,5% to 50%,-13.799999999999995,-1.6999999999999997
45,2020-06-20,Broome County,18.0,0.0,5.0,-0.47058823529411764,-50% to -5%,-1.0,,-19.199999999999996,-2.5999999999999996
46,2020-06-27,Broome County,36.0,2.0,0.0,1.0,50% to 100%,110.0,100%+,-6.4,-1.1
47,2020-03-28,Cattaraugus County,,,,0.0,no change,0.0,no change,,
48,2020-04-04,Cattaraugus County,7.0,0.0,,0.0,no change,0.0,no change,,
49,2020-04-11,Cattaraugus County,11.0,0.0,0.0,0.5714285714285714,50% to 100%,0.0,no change,,
50,2020-04-18,Cattaraugus County,15.0,0.0,0.0,0.36363636363636365,5% to 50%,0.0,no change,,
51,2020-04-25,Cattaraugus County,11.0,1.0,0.0,-0.26666666666666666,-50% to -5%,110.0,100%+,1.5999999999999996,0.29999999999999993
52,2020-05-02,Cattaraugus County,5.0,0.0,1.0,-0.5454545454545454,-100% to -50%,-1.0,,-2.1999999999999993,0.09999999999999998
53,2020-05-09,Cattaraugus County,10.0,0.0,0.0,1.0,50% to 100%,0.0,no change,-2.1000000000000005,-0.09999999999999998
54,2020-05-16,Cattaraugus County,5.0,0.0,0.0,-0.5,-100% to -50%,0.0,no change,-1.2999999999999994,-0.29999999999999993
55,2020-05-23,Cattaraugus County,13.0,0.0,0.0,1.6,100%+,0.0,no change,1.9,0.0
56,2020-05-30,Cattaraugus County,9.0,1.0,0.0,-0.3076923076923077,-50% to -5%,110.0,100%+,0.4999999999999999,0.29999999999999993
57,2020-06-06,Cattaraugus County,5.0,2.0,1.0,-0.4444444444444444,-50% to -5%,1.0,50% to 100%,-0.3999999999999999,0.6999999999999997
58,2020-06-13,Cattaraugus County,9.0,1.0,2.0,0.8,50% to 100%,-0.5,-100% to -50%,-1.5999999999999996,0.3999999999999999
59,2020-06-20,Cattaraugus County,12.0,0.0,1.0,0.3333333333333333,5% to 50%,-1.0,,1.2999999999999996,-0.3999999999999999
60,2020-06-27,Cattaraugus County,10.0,0.0,0.0,-0.16666666666666666,-50% to -5%,0.0,no change,1.7999999999999992,-0.7
61,2020-03-28,Cayuga County,,,,0.0,no change,0.0,no change,,
62,2020-04-04,Cayuga County,6.0,0.0,,0.0,no change,0.0,no change,,
63,2020-04-11,Cayuga County,20.0,1.0,0.0,2.3333333333333335,100%+,110.0,100%+,,
64,2020-04-18,Cayuga County,8.0,0.0,1.0,-0.6,-100% to -50%,-1.0,,,
65,2020-04-25,Cayuga County,11.0,0.0,0.0,0.375,5% to 50%,0.0,no change,0.30000000000000027,-0.09999999999999998
66,2020-05-02,Cayuga County,4.0,0.0,0.0,-0.6363636363636364,-100% to -50%,0.0,no change,-4.499999999999997,-0.29999999999999993
67,2020-05-09,Cayuga County,2.0,0.0,0.0,-0.5,-100% to -50%,0.0,no change,-2.4999999999999996,0.0
68,2020-05-16,Cayuga County,10.0,0.0,0.0,4.0,100%+,0.0,no change,-0.5,0.0
69,2020-05-23,Cayuga County,13.0,0.0,0.0,0.3,5% to 50%,0.0,no change,3.499999999999999,0.0
70,2020-05-30,Cayuga County,14.0,0.0,0.0,0.07692307692307693,5% to 50%,0.0,no change,3.8999999999999995,0.0
71,2020-06-06,Cayuga County,10.0,0.0,0.0,-0.2857142857142857,-50% to -5%,0.0,no change,0.09999999999999998,0.0
72,2020-06-13,Cayuga County,3.0,0.0,0.0,-0.7,-100% to -50%,0.0,no change,-3.3999999999999995,0.0
73,2020-06-20,Cayuga County,5.0,0.0,0.0,0.6666666666666666,50% to 100%,0.0,no change,-3.399999999999999,0.0
74,2020-06-27,Cayuga County,3.0,0.0,0.0,-0.4,-50% to -5%,0.0,no change,-1.8999999999999995,0.0
75,2020-03-28,Chautauqua County,,,,0.0,no change,0.0,no change,,
76,2020-04-04,Chautauqua County,7.0,1.0,,0.0,no change,0.0,no change,,
77,2020-04-11,Chautauqua County,9.0,0.0,1.0,0.2857142857142857,5% to 50%,-1.0,,,
78,2020-04-18,Chautauqua County,4.0,0.0,0.0,-0.5555555555555556,-100% to -50%,0.0,no change,,
79,2020-04-25,Chautauqua County,2.0,0.0,0.0,-0.5,-100% to -50%,0.0,no change,-1.9999999999999996,-0.29999999999999993
80,2020-05-02,Chautauqua County,8.0,0.0,0.0,3.0,100%+,0.0,no change,-0.5,0.0
81,2020-05-09,Chautauqua County,5.0,1.0,0.0,-0.375,-50% to -5%,110.0,100%+,0.8999999999999999,0.29999999999999993
82,2020-05-16,Chautauqua County,8.0,1.0,1.0,0.6,50% to 100%,0.0,no change,1.4999999999999996,0.3999999999999999
83,2020-05-23,Chautauqua County,24.0,0.0,1.0,2.0,100%+,-1.0,,5.1,-2.482534153247273e-17
84,2020-05-30,Chautauqua County,11.0,0.0,0.0,-0.5416666666666666,-100% to -50%,0.0,no change,3.3999999999999995,-0.3999999999999999
85,2020-06-06,Chautauqua County,16.0,1.0,0.0,0.45454545454545453,5% to 50%,110.0,100%+,1.0999999999999996,2.482534153247273e-17
86,2020-06-13,Chautauqua County,7.0,0.0,1.0,-0.5625,-100% to -50%,-1.0,,-4.599999999999998,0.09999999999999998
87,2020-06-20,Chautauqua County,9.0,0.0,0.0,0.2857142857142857,5% to 50%,0.0,no change,-1.4999999999999996,-0.09999999999999998
88,2020-06-27,Chautauqua County,8.0,0.0,0.0,-0.1111111111111111,-50% to -5%,0.0,no change,-2.1999999999999993,-0.29999999999999993
89,2020-03-28,Chemung County,,,,0.0,no change,0.0,no change,,
90,2020-04-04,Chemung County,24.0,0.0,,0.0,no change,0.0,no change,,
91,2020-04-11,Chemung County,24.0,2.0,0.0,0.0,no change,110.0,100%+,,
92,2020-04-18,Chemung County,12.0,0.0,2.0,-0.5,-100% to -50%,-1.0,,,
93,2020-04-25,Chemung County,31.0,1.0,0.0,1.5833333333333333,100%+,110.0,100%+,0.8999999999999999,0.10000000000000003
94,2020-05-02,Chemung County,21.0,0.0,1.0,-0.3225806451612903,-50% to -5%,-1.0,,0.9999999999999998,-0.49999999999999983
95,2020-05-09,Chemung County,7.0,2.0,0.0,-0.6666666666666666,-100% to -50%,110.0,100%+,-2.4999999999999996,0.5
96,2020-05-16,Chemung County,3.0,0.0,2.0,-0.5714285714285714,-100% to -50%,-1.0,,-9.799999999999999,-0.09999999999999998
97,2020-05-23,Chemung County,2.0,0.0,0.0,-0.3333333333333333,-50% to -5%,0.0,no change,-6.099999999999999,-0.19999999999999996
98,2020-05-30,Chemung County,1.0,0.0,0.0,-0.5,-100% to -50%,0.0,no change,-1.8999999999999995,-0.5999999999999999
99,2020-06-06,Chemung County,0.0,0.0,0.0,-1.0,,0.0,no change,-1.0,0.0
100,2020-06-13,Chemung County,1.0,0.0,0.0,100.0,100%+,0.0,no change,-0.3999999999999999,0.0
101,2020-06-20,Chemung County,1.0,0.0,0.0,0.0,no change,0.0,no change,0.09999999999999998,0.0
102,2020-06-27,Chemung County,0.0,0.0,0.0,-1.0,,0.0,no change,-2.482534153247273e-17,0.0
103,2020-03-21,Chenango County,,,,0.0,no change,0.0,no change,,
104,2020-03-28,Chenango County,6.0,0.0,,0.0,no change,0.0,no change,,
105,2020-04-04,Chenango County,31.0,0.0,0.0,4.166666666666667,100%+,0.0,no change,,
106,2020-04-11,Chenango County,22.0,0.0,0.0,-0.2903225806451613,-50% to -5%,0.0,no change,,
107,2020-04-18,Chenango County,16.0,0.0,0.0,-0.2727272727272727,-50% to -5%,0.0,no change,2.0999999999999988,0.0
108,2020-04-25,Chenango County,14.0,0.0,0.0,-0.125,-50% to -5%,0.0,no change,-5.699999999999998,0.0
109,2020-05-02,Chenango County,8.0,0.0,0.0,-0.42857142857142855,-50% to -5%,0.0,no change,-4.399999999999999,0.0
110,2020-05-09,Chenango County,10.0,2.0,0.0,0.25,5% to 50%,110.0,100%+,-2.3999999999999986,0.5999999999999999
111,2020-05-16,Chenango County,6.0,0.0,2.0,-0.4,-50% to -5%,-1.0,,-2.1999999999999993,0.19999999999999996
112,2020-05-23,Chenango County,3.0,0.0,0.0,-0.5,-100% to -50%,0.0,no change,-1.8999999999999995,-0.19999999999999996
113,2020-05-30,Chenango County,14.0,0.0,0.0,3.6666666666666665,100%+,0.0,no change,0.9000000000000001,-0.5999999999999999
114,2020-06-06,Chenango County,1.0,0.0,0.0,-0.9285714285714286,-100% to -50%,0.0,no change,-0.3999999999999999,0.0
115,2020-06-13,Chenango County,5.0,1.0,0.0,4.0,100%+,110.0,100%+,-0.6999999999999997,0.29999999999999993
116,2020-06-20,Chenango County,1.0,0.0,1.0,-0.8,-100% to -50%,-1.0,,-3.499999999999999,0.09999999999999998
117,2020-06-27,Chenango County,7.0,0.0,0.0,6.0,100%+,0.0,no change,1.4,-0.09999999999999998
118,2020-03-21,Clinton County,,,,0.0,no change,0.0,no change,,
119,2020-03-28,Clinton County,8.0,0.0,,0.0,no change,0.0,no change,,
120,2020-04-04,Clinton County,19.0,0.0,0.0,1.375,100%+,0.0,no change,,
121,2020-04-11,Clinton County,12.0,0.0,0.0,-0.3684210526315789,-50% to -5%,0.0,no change,,
122,2020-04-18,Clinton County,5.0,3.0,0.0,-0.5833333333333334,-100% to -50%,110.0,100%+,-1.5999999999999996,0.8999999999999999
123,2020-04-25,Clinton County,6.0,1.0,3.0,0.2,5% to 50%,-0.6666666666666666,-100% to -50%,-4.6,0.5999999999999996
124,2020-05-02,Clinton County,8.0,0.0,1.0,0.3333333333333333,5% to 50%,-1.0,,-1.0999999999999996,-0.19999999999999996
125,2020-05-09,Clinton County,14.0,0.0,0.0,0.75,50% to 100%,0.0,no change,2.8999999999999995,-0.9999999999999997
126,2020-05-16,Clinton County,15.0,0.0,0.0,0.07142857142857142,5% to 50%,0.0,no change,3.299999999999999,-0.29999999999999993
127,2020-05-23,Clinton County,4.0,0.0,0.0,-0.7333333333333333,-100% to -50%,0.0,no change,-1.0999999999999999,0.0
128,2020-05-30,Clinton County,0.0,0.0,0.0,-1.0,,0.0,no change,-5.3,0.0
129,2020-06-06,Clinton County,2.0,0.0,0.0,100.0,100%+,0.0,no change,-4.299999999999998,0.0
130,2020-06-13,Clinton County,1.0,0.0,0.0,-0.5,-100% to -50%,0.0,no change,-0.6999999999999997,0.0
131,2020-06-20,Clinton County,2.0,0.0,0.0,1.0,50% to 100%,0.0,no change,0.49999999999999983,0.0
132,2020-06-27,Clinton County,1.0,0.0,0.0,-0.5,-100% to -50%,0.0,no change,-0.19999999999999996,0.0
133,2020-03-21,Columbia County,,,,0.0,no change,0.0,no change,,
134,2020-03-28,Columbia County,20.0,0.0,,0.0,no change,0.0,no change,,
135,2020-04-04,Columbia County,39.0,3.0,0.0,0.95,50% to 100%,110.0,100%+,,
136,2020-04-11,Columbia County,16.0,3.0,3.0,-0.5897435897435898,-100% to -50%,0.0,no change,,
137,2020-04-18,Columbia County,28.0,7.0,3.0,0.75,50% to 100%,1.3333333333333333,100%+,0.10000000000000007,2.0999999999999996
138,2020-04-25,Columbia County,35.0,3.0,7.0,0.25,5% to 50%,-0.5714285714285714,-100% to -50%,0.0,0.3999999999999999
139,2020-05-02,Columbia County,65.0,0.0,3.0,0.8571428571428571,50% to 100%,-1.0,,15.4,-1.2999999999999996
140,2020-05-09,Columbia County,99.0,7.0,0.0,0.5230769230769231,50% to 100%,110.0,100%+,24.299999999999997,-0.30000000000000004
141,2020-05-16,Columbia County,34.0,7.0,7.0,-0.6565656565656566,-100% to -50%,0.0,no change,3.0999999999999988,1.8999999999999995
142,2020-05-23,Columbia County,21.0,5.0,7.0,-0.38235294117647056,-50% to -5%,-0.2857142857142857,-50% to -5%,-19.7,1.4999999999999993
143,2020-05-30,Columbia County,24.0,2.0,5.0,0.14285714285714285,5% to 50%,-0.6,-100% to -50%,-23.799999999999994,-1.6999999999999995
144,2020-06-06,Columbia County,29.0,2.0,2.0,0.20833333333333334,5% to 50%,0.0,no change,-1.1999999999999993,-1.7999999999999998
145,2020-06-13,Columbia County,19.0,3.0,2.0,-0.3448275862068966,-50% to -5%,0.5,5% to 50%,-0.10000000000000007,-0.5999999999999999
146,2020-06-20,Columbia County,20.0,1.0,3.0,0.05263157894736842,5% to 50%,-0.6666666666666666,-100% to -50%,-2.1999999999999993,-0.19999999999999996
147,2020-06-27,Columbia County,10.0,0.0,1.0,-0.5,-100% to -50%,-1.0,,-5.6,-0.7999999999999998
148,2020-03-28,Cortland County,,,,0.0,no change,0.0,no change,,
149,2020-04-04,Cortland County,9.0,0.0,,0.0,no change,0.0,no change,,
150,2020-04-11,Cortland County,3.0,0.0,0.0,-0.6666666666666666,-100% to -50%,0.0,no change,,
151,2020-04-18,Cortland County,8.0,0.0,0.0,1.6666666666666667,100%+,0.0,no change,,
152,2020-04-25,Cortland County,3.0,0.0,0.0,-0.625,-100% to -50%,0.0,no change,-1.2999999999999994,0.0
153,2020-05-02,Cortland County,0.0,0.0,0.0,-1.0,,0.0,no change,-1.3999999999999997,0.0
154,2020-05-09,Cortland County,1.0,0.0,0.0,100.0,100%+,0.0,no change,-2.3999999999999995,0.0
155,2020-05-16,Cortland County,5.0,0.0,0.0,4.0,100%+,0.0,no change,0.6999999999999998,0.0
156,2020-05-23,Cortland County,4.0,0.0,0.0,-0.2,-50% to -5%,0.0,no change,1.5999999999999996,0.0
157,2020-05-30,Cortland County,3.0,0.0,0.0,-0.25,-50% to -5%,0.0,no change,0.5000000000000002,0.0
158,2020-06-06,Cortland County,0.0,0.0,0.0,-1.0,,0.0,no change,-1.5999999999999996,0.0
159,2020-06-13,Cortland County,1.0,0.0,0.0,100.0,100%+,0.0,no change,-1.1999999999999993,0.0
160,2020-06-20,Cortland County,2.0,0.0,0.0,1.0,50% to 100%,0.0,no change,-0.19999999999999987,0.0
161,2020-06-27,Cortland County,0.0,0.0,0.0,-1.0,,0.0,no change,0.09999999999999994,0.0
162,2020-03-14,Delaware County,,,,0.0,no change,0.0,no change,,
163,2020-03-21,Delaware County,0.0,0.0,,0.0,no change,0.0,no change,,
164,2020-03-28,Delaware County,7.0,0.0,0.0,100.0,100%+,0.0,no change,,
165,2020-04-04,Delaware County,22.0,1.0,0.0,2.142857142857143,100%+,110.0,100%+,,
166,2020-04-11,Delaware County,9.0,0.0,1.0,-0.5909090909090909,-100% to -50%,-1.0,,4.200000000000001,0.09999999999999998
167,2020-04-18,Delaware County,10.0,0.0,0.0,0.1111111111111111,5% to 50%,0.0,no change,-0.3999999999999999,-0.09999999999999998
168,2020-04-25,Delaware County,9.0,0.0,0.0,-0.1,-50% to -5%,0.0,no change,-3.799999999999999,-0.29999999999999993
169,2020-05-02,Delaware County,3.0,0.0,0.0,-0.6666666666666666,-100% to -50%,0.0,no change,-1.8999999999999995,0.0
170,2020-05-09,Delaware County,2.0,0.0,0.0,-0.3333333333333333,-50% to -5%,0.0,no change,-2.999999999999999,0.0
171,2020-05-16,Delaware County,5.0,0.0,0.0,1.5,100%+,0.0,no change,-1.2999999999999994,0.0
172,2020-05-23,Delaware County,6.0,0.0,0.0,0.2,5% to 50%,0.0,no change,1.1999999999999997,0.0
173,2020-05-30,Delaware County,5.0,0.0,0.0,-0.16666666666666666,-50% to -5%,0.0,no change,0.9999999999999997,0.0
174,2020-06-06,Delaware County,6.0,0.0,0.0,0.2,5% to 50%,0.0,no change,0.19999999999999996,0.0
175,2020-06-13,Delaware County,3.0,0.0,0.0,-0.5,-100% to -50%,0.0,no change,-0.8,0.0
176,2020-06-20,Delaware County,2.0,0.0,0.0,-0.3333333333333333,-50% to -5%,0.0,no change,-1.1999999999999997,0.0
177,2020-06-27,Delaware County,1.0,0.0,0.0,-0.5,-100% to -50%,0.0,no change,-1.5999999999999996,0.0
178,2020-03-14,Dutchess County,,,,0.0,no change,0.0,no change,,
179,2020-03-21,Dutchess County,45.0,0.0,,0.0,no change,0.0,no change,,
180,2020-03-28,Dutchess County,213.0,2.0,0.0,3.7333333333333334,100%+,110.0,100%+,,
181,2020-04-04,Dutchess County,676.0,9.0,2.0,2.1737089201877935,100%+,3.5,100%+,,
182,2020-04-11,Dutchess County,806.0,16.0,9.0,0.19230769230769232,5% to 50%,0.7777777777777778,50% to 100%,274.59999999999997,5.499999999999999
183,2020-04-18,Dutchess County,457.0,18.0,16.0,-0.43300248138957814,-50% to -5%,0.125,5% to 50%,86.19999999999999,5.499999999999999
184,2020-04-25,Dutchess County,459.0,20.0,18.0,0.00437636761487965,no change,0.1111111111111111,5% to 50%,-99.99999999999997,3.499999999999999
185,2020-05-02,Dutchess County,389.0,9.0,20.0,-0.15250544662309368,-50% to -5%,-0.55,-100% to -50%,-124.89999999999995,-1.9
186,2020-05-09,Dutchess County,270.0,29.0,9.0,-0.3059125964010283,-50% to -5%,2.2222222222222223,100%+,-63.099999999999994,2.1999999999999997
187,2020-05-16,Dutchess County,208.0,23.0,29.0,-0.22962962962962963,-50% to -5%,-0.20689655172413793,-50% to -5%,-87.20000000000002,2.8999999999999995
188,2020-05-23,Dutchess County,266.0,13.0,23.0,0.27884615384615385,5% to 50%,-0.43478260869565216,-50% to -5%,-43.099999999999994,0.5999999999999989
189,2020-05-30,Dutchess County,106.0,11.0,13.0,-0.6015037593984962,-100% to -50%,-0.15384615384615385,-50% to -5%,-43.39999999999999,-6.399999999999999
190,2020-06-06,Dutchess County,96.0,2.0,11.0,-0.09433962264150944,-50% to -5%,-0.8181818181818182,-100% to -50%,-49.599999999999994,-6.499999999999999
191,2020-06-13,Dutchess County,54.0,3.0,2.0,-0.4375,-50% to -5%,0.5,5% to 50%,-64.6,-3.8999999999999995
192,2020-06-20,Dutchess County,78.0,4.0,3.0,0.4444444444444444,5% to 50%,0.3333333333333333,5% to 50%,-12.599999999999996,-1.9999999999999993
193,2020-06-27,Dutchess County,64.0,0.0,4.0,-0.1794871794871795,-50% to -5%,-1.0,,-7.199999999999999,-0.5
194,2020-03-14,Erie County,,,,0.0,no change,0.0,no change,,
195,2020-03-21,Erie County,35.0,0.0,,0.0,no change,0.0,no change,,
196,2020-03-28,Erie County,316.0,6.0,0.0,8.028571428571428,100%+,110.0,100%+,,
197,2020-04-04,Erie County,591.0,20.0,6.0,0.870253164556962,50% to 100%,2.3333333333333335,100%+,,
198,2020-04-11,Erie County,527.0,36.0,20.0,-0.10829103214890017,-50% to -5%,0.8,50% to 100%,175.09999999999997,12.199999999999998
199,2020-04-18,Erie County,525.0,53.0,36.0,-0.003795066413662239,no change,0.4722222222222222,5% to 50%,56.29999999999998,15.7
200,2020-04-25,Erie County,776.0,84.0,53.0,0.4780952380952381,5% to 50%,0.5849056603773585,50% to 100%,55.29999999999999,20.9
201,2020-05-02,Erie County,825.0,44.0,84.0,0.06314432989690721,5% to 50%,-0.47619047619047616,-50% to -5%,114.5,5.500000000000001
202,2020-05-09,Erie County,739.0,125.0,44.0,-0.10424242424242425,-50% to -5%,1.8409090909090908,100%+,69.1,17.599999999999998
203,2020-05-16,Erie County,530.0,60.0,125.0,-0.2828146143437077,-50% to -5%,-0.52,-100% to -50%,-82.39999999999999,0.9000000000000001
204,2020-05-23,Erie County,685.0,51.0,60.0,0.29245283018867924,5% to 50%,-0.15,-50% to -5%,-62.89999999999998,-4.400000000000002
205,2020-05-30,Erie County,462.0,42.0,51.0,-0.32554744525547447,-50% to -5%,-0.17647058823529413,-50% to -5%,-67.6,-25.800000000000004
206,2020-06-06,Erie County,415.0,26.0,42.0,-0.10173160173160173,-50% to -5%,-0.38095238095238093,-50% to -5%,-56.79999999999999,-11.1
207,2020-06-13,Erie County,324.0,26.0,26.0,-0.21927710843373494,-50% to -5%,0.0,no change,-112.99999999999997,-9.1
208,2020-06-20,Erie County,227.0,15.0,26.0,-0.2993827160493827,-50% to -5%,-0.4230769230769231,-50% to -5%,-79.59999999999998,-8.100000000000001
209,2020-06-27,Erie County,226.0,6.0,15.0,-0.004405286343612335,no change,-0.6,-100% to -50%,-66.39999999999999,-7.099999999999998
210,2020-03-21,Essex County,,,,0.0,no change,0.0,no change,,
211,2020-03-28,Essex County,2.0,0.0,,0.0,no change,0.0,no change,,
212,2020-04-04,Essex County,3.0,0.0,0.0,0.5,5% to 50%,0.0,no change,,
213,2020-04-11,Essex County,5.0,0.0,0.0,0.6666666666666666,50% to 100%,0.0,no change,,
214,2020-04-18,Essex County,10.0,0.0,0.0,1.0,50% to 100%,0.0,no change,2.5999999999999996,0.0
215,2020-04-25,Essex County,8.0,0.0,0.0,-0.2,-50% to -5%,0.0,no change,1.9999999999999996,0.0
216,2020-05-02,Essex County,4.0,0.0,0.0,-0.5,-100% to -50%,0.0,no change,-0.5,0.0
217,2020-05-09,Essex County,5.0,0.0,0.0,0.25,5% to 50%,0.0,no change,-1.9,0.0
218,2020-05-16,Essex County,1.0,0.0,0.0,-0.8,-100% to -50%,0.0,no change,-1.9999999999999996,0.0
219,2020-05-23,Essex County,4.0,0.0,0.0,3.0,100%+,0.0,no change,-0.3999999999999999,0.0
220,2020-05-30,Essex County,0.0,0.0,0.0,-1.0,,0.0,no change,-1.1999999999999997,0.0
221,2020-06-06,Essex County,2.0,0.0,0.0,100.0,100%+,0.0,no change,-0.09999999999999998,0.0
222,2020-06-13,Essex County,2.0,0.0,0.0,0.0,no change,0.0,no change,-0.3999999999999999,0.0
223,2020-06-20,Essex County,1.0,0.0,0.0,-0.5,-100% to -50%,0.0,no change,0.29999999999999993,0.0
224,2020-06-27,Essex County,1.0,0.0,0.0,0.0,no change,0.0,no change,-0.3999999999999999,0.0
225,2020-03-28,Franklin County,,,,0.0,no change,0.0,no change,,
226,2020-04-04,Franklin County,6.0,0.0,,0.0,no change,0.0,no change,,
227,2020-04-11,Franklin County,1.0,0.0,0.0,-0.8333333333333334,-100% to -50%,0.0,no change,,
228,2020-04-18,Franklin County,2.0,0.0,0.0,1.0,50% to 100%,0.0,no change,,
229,2020-04-25,Franklin County,1.0,0.0,0.0,-0.5,-100% to -50%,0.0,no change,-1.3999999999999995,0.0
230,2020-05-02,Franklin County,1.0,0.0,0.0,0.0,no change,0.0,no change,-0.09999999999999998,0.0
231,2020-05-09,Franklin County,2.0,0.0,0.0,1.0,50% to 100%,0.0,no change,2.482534153247273e-17,0.0
232,2020-05-16,Franklin County,1.0,0.0,0.0,-0.5,-100% to -50%,0.0,no change,0.09999999999999998,0.0
233,2020-05-23,Franklin County,2.0,0.0,0.0,1.0,50% to 100%,0.0,no change,0.19999999999999996,0.0
234,2020-05-30,Franklin County,2.0,0.0,0.0,0.0,no change,0.0,no change,0.09999999999999998,0.0
235,2020-06-06,Franklin County,1.0,0.0,0.0,-0.5,-100% to -50%,0.0,no change,-2.482534153247273e-17,0.0
236,2020-06-13,Franklin County,2.0,0.0,0.0,1.0,50% to 100%,0.0,no change,-0.09999999999999998,0.0
237,2020-06-20,Franklin County,2.0,0.0,0.0,0.0,no change,0.0,no change,0.09999999999999998,0.0
238,2020-06-27,Franklin County,2.0,0.0,0.0,0.0,no change,0.0,no change,0.29999999999999993,0.0
239,2020-03-21,Fulton County,,,,0.0,no change,0.0,no change,,
240,2020-03-28,Fulton County,0.0,0.0,,0.0,no change,0.0,no change,,
241,2020-04-04,Fulton County,8.0,0.0,0.0,100.0,100%+,0.0,no change,,
242,2020-04-11,Fulton County,12.0,0.0,0.0,0.5,5% to 50%,0.0,no change,,
243,2020-04-18,Fulton County,6.0,0.0,0.0,-0.5,-100% to -50%,0.0,no change,2.2,0.0
244,2020-04-25,Fulton County,34.0,1.0,0.0,4.666666666666667,100%+,110.0,100%+,7.199999999999999,0.29999999999999993
245,2020-05-02,Fulton County,18.0,0.0,1.0,-0.47058823529411764,-50% to -5%,-1.0,,4.6,0.09999999999999998
246,2020-05-09,Fulton County,25.0,5.0,0.0,0.3888888888888889,5% to 50%,110.0,100%+,4.099999999999999,1.3999999999999995
247,2020-05-16,Fulton County,44.0,5.0,5.0,0.76,50% to 100%,0.0,no change,3.6999999999999993,1.6999999999999997
248,2020-05-23,Fulton County,45.0,0.0,5.0,0.022727272727272728,no change,-1.0,,10.0,0.0
249,2020-05-30,Fulton County,14.0,1.0,0.0,-0.6888888888888889,-100% to -50%,110.0,100%+,-3.1999999999999993,-1.6999999999999997
250,2020-06-06,Fulton County,15.0,4.0,1.0,0.07142857142857142,5% to 50%,3.0,100%+,-11.799999999999995,-0.19999999999999976
251,2020-06-13,Fulton County,10.0,2.0,4.0,-0.3333333333333333,-50% to -5%,-0.5,-100% to -50%,-10.399999999999999,0.8999999999999999
252,2020-06-20,Fulton County,11.0,0.0,2.0,0.1,5% to 50%,-1.0,,-1.3999999999999995,-0.5
253,2020-06-27,Fulton County,6.0,0.0,0.0,-0.45454545454545453,-50% to -5%,0.0,no change,-2.5999999999999996,-1.4
254,2020-03-21,Genesee County,,,,0.0,no change,0.0,no change,,
255,2020-03-28,Genesee County,6.0,0.0,,0.0,no change,0.0,no change,,
256,2020-04-04,Genesee County,14.0,1.0,0.0,1.3333333333333333,100%+,110.0,100%+,,
257,2020-04-11,Genesee County,46.0,0.0,1.0,2.2857142857142856,100%+,-1.0,,,
258,2020-04-18,Genesee County,20.0,1.0,0.0,-0.5652173913043478,-100% to -50%,110.0,100%+,7.4,0.19999999999999996
259,2020-04-25,Genesee County,54.0,0.0,1.0,1.7,100%+,-1.0,,9.399999999999997,-0.19999999999999996
260,2020-05-02,Genesee County,14.0,0.0,0.0,-0.7407407407407407,-100% to -50%,0.0,no change,-6.199999999999999,-0.09999999999999998
261,2020-05-09,Genesee County,15.0,1.0,0.0,0.07142857142857142,5% to 50%,110.0,100%+,-5.499999999999999,2.482534153247273e-17
262,2020-05-16,Genesee County,8.0,0.0,1.0,-0.4666666666666667,-50% to -5%,-1.0,,-13.7,0.09999999999999998
263,2020-05-23,Genesee County,13.0,1.0,0.0,0.625,50% to 100%,110.0,100%+,-1.0,0.19999999999999996
264,2020-05-30,Genesee County,9.0,1.0,1.0,-0.3076923076923077,-50% to -5%,0.0,no change,-1.2999999999999994,0.09999999999999998
265,2020-06-06,Genesee County,6.0,1.0,1.0,-0.3333333333333333,-50% to -5%,0.0,no change,-0.9999999999999998,0.29999999999999993
266,2020-06-13,Genesee County,6.0,0.0,1.0,0.0,no change,-1.0,,-2.4000000000000004,-0.29999999999999993
267,2020-06-20,Genesee County,10.0,0.0,0.0,0.6666666666666666,50% to 100%,0.0,no change,0.2999999999999998,-0.3999999999999999
268,2020-06-27,Genesee County,15.0,0.0,0.0,0.5,5% to 50%,0.0,no change,3.0999999999999996,-0.29999999999999993
269,2020-03-21,Greene County,,,,0.0,no change,0.0,no change,,
270,2020-03-28,Greene County,5.0,0.0,,0.0,no change,0.0,no change,,
271,2020-04-04,Greene County,20.0,0.0,0.0,3.0,100%+,0.0,no change,,
272,2020-04-11,Greene County,10.0,0.0,0.0,-0.5,-100% to -50%,0.0,no change,,
273,2020-04-18,Greene County,45.0,0.0,0.0,3.5,100%+,0.0,no change,10.999999999999998,0.0
274,2020-04-25,Greene County,25.0,0.0,0.0,-0.4444444444444444,-50% to -5%,0.0,no change,4.999999999999998,0.0
275,2020-05-02,Greene County,35.0,1.0,0.0,0.4,5% to 50%,110.0,100%+,5.499999999999997,0.29999999999999993
276,2020-05-09,Greene County,62.0,1.0,1.0,0.7714285714285715,50% to 100%,0.0,no change,6.099999999999999,0.3999999999999999
277,2020-05-16,Greene County,7.0,1.0,1.0,-0.8870967741935484,-100% to -50%,0.0,no change,-2.7000000000000006,0.29999999999999993
278,2020-05-23,Greene County,6.0,2.0,1.0,-0.14285714285714285,-50% to -5%,1.0,50% to 100%,-14.199999999999998,0.29999999999999993
279,2020-05-30,Greene County,21.0,0.0,2.0,2.5,100%+,-1.0,,-12.399999999999995,-0.19999999999999996
280,2020-06-06,Greene County,8.0,0.0,0.0,-0.6190476190476191,-100% to -50%,0.0,no change,1.7999999999999998,-0.4999999999999999
281,2020-06-13,Greene County,4.0,0.0,0.0,-0.5,-100% to -50%,0.0,no change,-1.9,-0.5999999999999999
282,2020-06-20,Greene County,5.0,0.0,0.0,0.25,5% to 50%,0.0,no change,-5.199999999999999,0.0
283,2020-06-27,Greene County,5.0,0.0,0.0,0.0,no change,0.0,no change,-0.7999999999999998,0.0
284,2020-03-21,Hamilton County,,,,0.0,no change,0.0,no change,,
285,2020-03-28,Hamilton County,0.0,0.0,,0.0,no change,0.0,no change,,
286,2020-04-04,Hamilton County,0.0,0.0,0.0,0.0,no change,0.0,no change,,
287,2020-04-11,Hamilton County,1.0,0.0,0.0,100.0,100%+,0.0,no change,,
288,2020-04-18,Hamilton County,0.0,0.0,0.0,-1.0,,0.0,no change,0.09999999999999998,0.0
289,2020-04-25,Hamilton County,0.0,0.0,0.0,0.0,no change,0.0,no change,-0.09999999999999998,0.0
290,2020-05-02,Hamilton County,0.0,0.0,0.0,0.0,no change,0.0,no change,-0.29999999999999993,0.0
291,2020-05-09,Hamilton County,2.0,0.0,0.0,100.0,100%+,0.0,no change,0.5999999999999999,0.0
292,2020-05-16,Hamilton County,0.0,0.0,0.0,-1.0,,0.0,no change,0.19999999999999996,0.0
293,2020-05-23,Hamilton County,0.0,0.0,0.0,0.0,no change,0.0,no change,-0.19999999999999996,0.0
294,2020-05-30,Hamilton County,0.0,0.0,0.0,0.0,no change,0.0,no change,-0.5999999999999999,0.0
295,2020-06-06,Hamilton County,0.0,0.0,0.0,0.0,no change,0.0,no change,0.0,0.0
296,2020-06-13,Hamilton County,0.0,0.0,0.0,0.0,no change,0.0,no change,0.0,0.0
297,2020-06-20,Hamilton County,1.0,0.0,0.0,100.0,100%+,0.0,no change,0.29999999999999993,0.0
298,2020-06-27,Hamilton County,0.0,0.0,0.0,-1.0,,0.0,no change,0.09999999999999998,0.0
299,2020-03-14,Herkimer County,,,,0.0,no change,0.0,no change,,
300,2020-03-21,Herkimer County,2.0,0.0,,0.0,no change,0.0,no change,,
301,2020-03-28,Herkimer County,6.0,0.0,0.0,2.0,100%+,0.0,no change,,
302,2020-04-04,Herkimer County,13.0,3.0,0.0,1.1666666666666667,100%+,110.0,100%+,,
303,2020-04-11,Herkimer County,15.0,-2.0,3.0,0.15384615384615385,5% to 50%,-1.6666666666666667,,4.599999999999998,-0.2999999999999999
304,2020-04-18,Herkimer County,10.0,0.0,-2.0,-0.3333333333333333,-50% to -5%,-1.0,,1.3999999999999995,-0.5
305,2020-04-25,Herkimer County,9.0,0.0,0.0,-0.1,-50% to -5%,0.0,no change,-1.6999999999999997,-0.7000000000000002
306,2020-05-02,Herkimer County,5.0,0.0,0.0,-0.4444444444444444,-50% to -5%,0.0,no change,-3.0999999999999996,0.5999999999999999
307,2020-05-09,Herkimer County,16.0,0.0,0.0,2.2,100%+,0.0,no change,1.3999999999999997,0.0
308,2020-05-16,Herkimer County,14.0,0.0,0.0,-0.125,-50% to -5%,0.0,no change,2.599999999999999,0.0
309,2020-05-23,Herkimer County,9.0,0.0,0.0,-0.35714285714285715,-50% to -5%,0.0,no change,1.0,0.0
310,2020-05-30,Herkimer County,7.0,0.0,0.0,-0.2222222222222222,-50% to -5%,0.0,no change,-3.1999999999999993,0.0
311,2020-06-06,Herkimer County,15.0,0.0,0.0,1.1428571428571428,100%+,0.0,no change,0.10000000000000007,0.0
312,2020-06-13,Herkimer County,6.0,0.0,0.0,-0.6,-100% to -50%,0.0,no change,-0.10000000000000007,0.0
313,2020-06-20,Herkimer County,6.0,0.0,0.0,0.0,no change,0.0,no change,-1.1999999999999997,0.0
314,2020-06-27,Herkimer County,20.0,0.0,0.0,2.3333333333333335,100%+,0.0,no change,1.5000000000000002,0.0
315,2020-03-21,Jefferson County,,,,0.0,no change,0.0,no change,,
316,2020-03-28,Jefferson County,5.0,0.0,,0.0,no change,0.0,no change,,
317,2020-04-04,Jefferson County,14.0,0.0,0.0,1.8,100%+,0.0,no change,,
318,2020-04-11,Jefferson County,24.0,0.0,0.0,0.7142857142857143,50% to 100%,0.0,no change,,
319,2020-04-18,Jefferson County,6.0,0.0,0.0,-0.75,-100% to -50%,0.0,no change,1.2999999999999998,0.0
320,2020-04-25,Jefferson County,9.0,0.0,0.0,0.5,5% to 50%,0.0,no change,-3.3,0.0
321,2020-05-02,Jefferson County,3.0,0.0,0.0,-0.6666666666666666,-100% to -50%,0.0,no change,-6.0,0.0
322,2020-05-09,Jefferson County,5.0,0.0,0.0,0.6666666666666666,50% to 100%,0.0,no change,-0.8999999999999999,0.0
323,2020-05-16,Jefferson County,4.0,0.0,0.0,-0.2,-50% to -5%,0.0,no change,-1.2999999999999998,0.0
324,2020-05-23,Jefferson County,1.0,0.0,0.0,-0.75,-100% to -50%,0.0,no change,-0.6999999999999998,0.0
325,2020-05-30,Jefferson County,2.0,0.0,0.0,1.0,50% to 100%,0.0,no change,-1.1999999999999993,0.0
326,2020-06-06,Jefferson County,1.0,0.0,0.0,-0.5,-100% to -50%,0.0,no change,-0.7999999999999998,0.0
327,2020-06-13,Jefferson County,6.0,0.0,0.0,5.0,100%+,0.0,no change,1.3999999999999995,0.0
328,2020-06-20,Jefferson County,2.0,0.0,0.0,-0.6666666666666666,-100% to -50%,0.0,no change,0.5,0.0
329,2020-06-27,Jefferson County,2.0,0.0,0.0,0.0,no change,0.0,no change,-0.09999999999999988,0.0
330,2020-04-04,Lewis County,,,,0.0,no change,0.0,no change,,
331,2020-04-11,Lewis County,1.0,0.0,,0.0,no change,0.0,no change,,
332,2020-04-18,Lewis County,2.0,0.0,0.0,1.0,50% to 100%,0.0,no change,,
333,2020-04-25,Lewis County,1.0,0.0,0.0,-0.5,-100% to -50%,0.0,no change,,
334,2020-05-02,Lewis County,0.0,0.0,0.0,-1.0,,0.0,no change,-0.3999999999999999,0.0
335,2020-05-09,Lewis County,2.0,0.0,0.0,100.0,100%+,0.0,no change,-0.09999999999999994,0.0
336,2020-05-16,Lewis County,2.0,0.0,0.0,0.0,no change,0.0,no change,0.4999999999999999,0.0
337,2020-05-23,Lewis County,6.0,0.0,0.0,2.0,100%+,0.0,no change,1.7999999999999994,0.0
338,2020-05-30,Lewis County,1.0,0.0,0.0,-0.8333333333333334,-100% to -50%,0.0,no change,0.09999999999999994,0.0
339,2020-06-06,Lewis County,0.0,0.0,0.0,-1.0,,0.0,no change,-1.0999999999999996,0.0
340,2020-06-13,Lewis County,0.0,0.0,0.0,0.0,no change,0.0,no change,-1.8999999999999995,0.0
341,2020-06-20,Lewis County,2.0,0.0,0.0,100.0,100%+,0.0,no change,0.29999999999999993,0.0
342,2020-06-27,Lewis County,4.0,0.0,0.0,1.0,50% to 100%,0.0,no change,1.3999999999999995,0.0
343,2020-03-21,Livingston County,,,,0.0,no change,0.0,no change,,
344,2020-03-28,Livingston County,3.0,0.0,,0.0,no change,0.0,no change,,
345,2020-04-04,Livingston County,13.0,1.0,0.0,3.3333333333333335,100%+,110.0,100%+,,
346,2020-04-11,Livingston County,12.0,0.0,1.0,-0.07692307692307693,-50% to -5%,-1.0,,,
347,2020-04-18,Livingston County,7.0,0.0,0.0,-0.4166666666666667,-50% to -5%,0.0,no change,1.0999999999999996,-0.09999999999999998
348,2020-04-25,Livingston County,21.0,1.0,0.0,2.0,100%+,110.0,100%+,1.9,2.482534153247273e-17
349,2020-05-02,Livingston County,18.0,0.0,1.0,-0.14285714285714285,-50% to -5%,-1.0,,3.1999999999999993,0.09999999999999998
350,2020-05-09,Livingston County,25.0,1.0,0.0,0.3888888888888889,5% to 50%,110.0,100%+,5.1000000000000005,0.19999999999999996
351,2020-05-16,Livingston County,6.0,1.0,1.0,-0.76,-100% to -50%,0.0,no change,-3.8,0.09999999999999998
352,2020-05-23,Livingston County,7.0,0.0,1.0,0.16666666666666666,5% to 50%,-1.0,,-5.199999999999998,-2.482534153247273e-17
353,2020-05-30,Livingston County,4.0,0.0,0.0,-0.42857142857142855,-50% to -5%,0.0,no change,-6.200000000000001,-0.3999999999999999
354,2020-06-06,Livingston County,3.0,0.0,0.0,-0.25,-50% to -5%,0.0,no change,-1.1999999999999997,-0.29999999999999993
355,2020-06-13,Livingston County,1.0,0.0,0.0,-0.6666666666666666,-100% to -50%,0.0,no change,-1.9,0.0
356,2020-06-20,Livingston County,1.0,0.0,0.0,0.0,no change,0.0,no change,-1.0999999999999996,0.0
357,2020-06-27,Livingston County,3.0,0.0,0.0,2.0,100%+,0.0,no change,4.965068306494546e-17,0.0
358,2020-03-28,Madison County,,,,0.0,no change,0.0,no change,,
359,2020-04-04,Madison County,58.0,2.0,,0.0,no change,0.0,no change,,
360,2020-04-11,Madison County,22.0,-1.0,2.0,-0.6206896551724138,-100% to -50%,-1.5,,,
361,2020-04-18,Madison County,6.0,0.0,-1.0,-0.7272727272727273,-100% to -50%,-1.0,,,
362,2020-04-25,Madison County,16.0,2.0,0.0,1.6666666666666667,100%+,110.0,100%+,-14.199999999999998,0.10000000000000007
363,2020-05-02,Madison County,28.0,0.0,2.0,0.75,50% to 100%,-1.0,,2.8,0.5
364,2020-05-09,Madison County,101.0,0.0,0.0,2.607142857142857,100%+,0.0,no change,29.700000000000003,-0.19999999999999996
365,2020-05-16,Madison County,8.0,0.0,0.0,-0.9207920792079208,-100% to -50%,0.0,no change,4.899999999999998,-0.5999999999999999
366,2020-05-23,Madison County,43.0,1.0,0.0,4.375,100%+,110.0,100%+,-4.800000000000001,0.29999999999999993
367,2020-05-30,Madison County,10.0,0.0,1.0,-0.7674418604651163,-100% to -50%,-1.0,,-23.799999999999994,0.09999999999999998
368,2020-06-06,Madison County,14.0,0.0,0.0,0.4,5% to 50%,0.0,no change,-1.4999999999999996,-0.09999999999999998
369,2020-06-13,Madison County,8.0,0.0,0.0,-0.42857142857142855,-50% to -5%,0.0,no change,-10.099999999999998,-0.29999999999999993
370,2020-06-20,Madison County,10.0,0.0,0.0,0.25,5% to 50%,0.0,no change,-0.5999999999999999,0.0
371,2020-06-27,Madison County,8.0,0.0,0.0,-0.2,-50% to -5%,0.0,no change,-1.5999999999999996,0.0
372,2020-03-14,Monroe County,,,,0.0,no change,0.0,no change,,
373,2020-03-21,Monroe County,40.0,0.0,,0.0,no change,0.0,no change,,
374,2020-03-28,Monroe County,160.0,5.0,0.0,3.0,100%+,110.0,100%+,,
375,2020-04-04,Monroe County,310.0,12.0,5.0,0.9375,50% to 100%,1.4,100%+,,
376,2020-04-11,Monroe County,255.0,25.0,12.0,-0.1774193548387097,-50% to -5%,1.0833333333333333,100%+,79.50000000000001,8.2
377,2020-04-18,Monroe County,241.0,7.0,25.0,-0.054901960784313725,-50% to -5%,-0.72,-100% to -50%,18.8,1.8999999999999995
378,2020-04-25,Monroe County,277.0,33.0,7.0,0.14937759336099585,5% to 50%,3.7142857142857144,100%+,-11.299999999999997,4.499999999999999
379,2020-05-02,Monroe County,249.0,14.0,33.0,-0.10108303249097472,-50% to -5%,-0.5757575757575758,-100% to -50%,1.7999999999999998,-0.7000000000000002
380,2020-05-09,Monroe County,242.0,43.0,14.0,-0.028112449799196786,no change,2.0714285714285716,100%+,-2.5,8.899999999999999
381,2020-05-16,Monroe County,417.0,26.0,43.0,0.7231404958677686,50% to 100%,-0.3953488372093023,-50% to -5%,41.29999999999999,0.8
382,2020-05-23,Monroe County,469.0,20.0,26.0,0.12470023980815348,5% to 50%,-0.23076923076923078,-50% to -5%,83.49999999999999,0.09999999999999969
383,2020-05-30,Monroe County,248.0,33.0,20.0,-0.47121535181236673,-50% to -5%,0.65,50% to 100%,6.999999999999996,-3.5999999999999996
384,2020-06-06,Monroe County,258.0,15.0,33.0,0.04032258064516129,no change,-0.5454545454545454,-100% to -50%,-69.8,-1.9999999999999996
385,2020-06-13,Monroe County,173.0,12.0,15.0,-0.32945736434108525,-50% to -5%,-0.2,-50% to -5%,-87.79999999999997,-4.199999999999998
386,2020-06-20,Monroe County,147.0,8.0,12.0,-0.15028901734104047,-50% to -5%,-0.3333333333333333,-50% to -5%,-38.8,-7.799999999999999
387,2020-06-27,Monroe County,189.0,7.0,8.0,0.2857142857142857,5% to 50%,-0.125,-50% to -5%,-23.299999999999997,-2.8
388,2020-03-21,Montgomery County,,,,0.0,no change,0.0,no change,,
389,2020-03-28,Montgomery County,2.0,0.0,,0.0,no change,0.0,no change,,
390,2020-04-04,Montgomery County,8.0,1.0,0.0,3.0,100%+,110.0,100%+,,
391,2020-04-11,Montgomery County,16.0,0.0,1.0,1.0,50% to 100%,-1.0,,,
392,2020-04-18,Montgomery County,5.0,0.0,0.0,-0.6875,-100% to -50%,0.0,no change,1.7000000000000002,-0.09999999999999998
393,2020-04-25,Montgomery County,12.0,0.0,0.0,1.4,100%+,0.0,no change,0.10000000000000007,-0.29999999999999993
394,2020-05-02,Montgomery County,8.0,0.0,0.0,-0.3333333333333333,-50% to -5%,0.0,no change,-1.6999999999999995,0.0
395,2020-05-09,Montgomery County,12.0,1.0,0.0,0.5,5% to 50%,110.0,100%+,1.7000000000000002,0.29999999999999993
396,2020-05-16,Montgomery County,9.0,1.0,1.0,-0.25,-50% to -5%,0.0,no change,-0.49999999999999983,0.3999999999999999
397,2020-05-23,Montgomery County,2.0,1.0,1.0,-0.7777777777777778,-100% to -50%,0.0,no change,-2.0999999999999996,0.29999999999999993
398,2020-05-30,Montgomery County,12.0,0.0,1.0,5.0,100%+,-1.0,,-0.6999999999999997,-0.29999999999999993
399,2020-06-06,Montgomery County,9.0,1.0,0.0,-0.25,-50% to -5%,110.0,100%+,0.9999999999999998,-0.09999999999999998
400,2020-06-13,Montgomery County,5.0,0.0,1.0,-0.4444444444444444,-50% to -5%,-1.0,,0.5999999999999996,-0.19999999999999996
401,2020-06-20,Montgomery County,3.0,0.0,0.0,-0.4,-50% to -5%,0.0,no change,-3.0999999999999988,-0.09999999999999998
402,2020-06-27,Montgomery County,10.0,0.0,0.0,2.3333333333333335,100%+,0.0,no change,0.09999999999999988,-0.29999999999999993
403,2020-03-07,Nassau County,,,,0.0,no change,0.0,no change,,
404,2020-03-14,Nassau County,75.0,0.0,,0.0,no change,0.0,no change,,
405,2020-03-21,Nassau County,1155.0,7.0,0.0,14.4,100%+,110.0,100%+,,
406,2020-03-28,Nassau County,4303.0,28.0,7.0,2.7255411255411257,100%+,3.0,100%+,,
407,2020-04-04,Nassau County,7809.0,361.0,28.0,0.8147803857773647,50% to 100%,11.892857142857142,100%+,2635.0,110.39999999999996
408,2020-04-11,Nassau County,9238.0,569.0,361.0,0.18299398130362401,5% to 50%,0.5761772853185596,50% to 100%,2775.499999999999,201.89999999999998
409,2020-04-18,Nassau County,6596.0,391.0,569.0,-0.28599263909937217,-50% to -5%,-0.31282952548330406,-50% to -5%,830.8000000000001,129.69999999999996
410,2020-04-25,Nassau County,4618.0,561.0,391.0,-0.29987871437234687,-50% to -5%,0.43478260869565216,5% to 50%,-1221.4999999999995,42.19999999999999
411,2020-05-02,Nassau County,2721.0,250.0,561.0,-0.41078388912949326,-50% to -5%,-0.5543672014260249,-100% to -50%,-2152.8999999999996,-78.69999999999999
412,2020-05-09,Nassau County,1509.0,221.0,250.0,-0.4454244762954796,-50% to -5%,-0.116,-50% to -5%,-1715.7999999999995,-82.09999999999998
413,2020-05-16,Nassau County,1005.0,119.0,221.0,-0.33399602385685884,-50% to -5%,-0.46153846153846156,-50% to -5%,-1205.0999999999995,-135.5
414,2020-05-23,Nassau County,693.0,71.0,119.0,-0.31044776119402984,-50% to -5%,-0.40336134453781514,-50% to -5%,-658.8000000000001,-63.89999999999999
415,2020-05-30,Nassau County,581.0,37.0,71.0,-0.16161616161616163,-50% to -5%,-0.4788732394366197,-50% to -5%,-309.5999999999999,-59.99999999999999
416,2020-06-06,Nassau County,546.0,20.0,37.0,-0.060240963855421686,-50% to -5%,-0.4594594594594595,-50% to -5%,-148.9,-33.1
417,2020-06-13,Nassau County,319.0,33.0,20.0,-0.4157509157509158,-50% to -5%,0.65,50% to 100%,-115.7,-13.1
418,2020-06-20,Nassau County,271.0,12.0,33.0,-0.15047021943573669,-50% to -5%,-0.6363636363636364,-100% to -50%,-115.7,-6.199999999999999
419,2020-06-27,Nassau County,282.0,11.0,12.0,0.04059040590405904,no change,-0.08333333333333333,-50% to -5%,-84.0,-4.799999999999999
420,2020-03-07,New York County,,,,0.0,no change,0.0,no change,,
421,2020-03-14,New York County,258.0,5.0,,0.0,no change,0.0,no change,,
422,2020-03-21,New York County,7261.0,175.0,5.0,27.143410852713178,100%+,34.0,100%+,,
423,2020-03-28,New York County,22246.0,1197.0,175.0,2.0637653215810494,100%+,5.84,100%+,,
424,2020-04-04,New York County,33530.0,3700.0,1197.0,0.5072372561359345,50% to 100%,2.091060985797828,100%+,11480.1,1210.6999999999996
425,2020-04-11,New York County,35002.0,5161.0,3700.0,0.043900984193259766,no change,0.3948648648648649,5% to 50%,9450.699999999997,1746.0999999999997
426,2020-04-18,New York County,33026.0,4053.0,5161.0,-0.0564539169190332,-50% to -5%,-0.21468707614803334,-50% to -5%,3381.1999999999994,1002.8999999999996
427,2020-04-25,New York County,23779.0,2835.0,4053.0,-0.27999152183128445,-50% to -5%,-0.3005181347150259,-50% to -5%,-3122.899999999999,-370.3
428,2020-05-02,New York County,17241.0,1365.0,2835.0,-0.2749484839564321,-50% to -5%,-0.5185185185185185,-100% to -50%,-6253.0,-1260.6
429,2020-05-09,New York County,10935.0,1327.0,1365.0,-0.3657560466330259,-50% to -5%,-0.02783882783882784,no change,-7281.099999999997,-964.7999999999996
430,2020-05-16,New York County,8311.0,758.0,1327.0,-0.2399634202103338,-50% to -5%,-0.4287867370007536,-50% to -5%,-5270.999999999999,-626.9
431,2020-05-23,New York County,5666.0,562.0,758.0,-0.31825291781975695,-50% to -5%,-0.25857519788918204,-50% to -5%,-3734.899999999999,-297.8
432,2020-05-30,New York County,5485.0,374.0,562.0,-0.03194493469819979,no change,-0.33451957295373663,-50% to -5%,-1899.4999999999993,-305.5
433,2020-06-06,New York County,3760.0,303.0,374.0,-0.31449407474931634,-50% to -5%,-0.18983957219251338,-50% to -5%,-1383.3999999999999,-155.29999999999998
434,2020-06-13,New York County,2982.0,261.0,303.0,-0.20691489361702128,-50% to -5%,-0.13861386138613863,-50% to -5%,-977.6999999999999,-97.39999999999998
435,2020-06-20,New York County,2568.0,168.0,261.0,-0.13883299798792756,-50% to -5%,-0.3563218390804598,-50% to -5%,-952.8999999999996,-66.0
436,2020-06-27,New York County,2373.0,197.0,168.0,-0.07593457943925233,-50% to -5%,0.17261904761904762,5% to 50%,-457.4999999999999,-41.1
437,2020-03-21,Niagara County,,,,0.0,no change,0.0,no change,,
438,2020-03-28,Niagara County,29.0,0.0,,0.0,no change,0.0,no change,,
439,2020-04-04,Niagara County,70.0,0.0,0.0,1.4137931034482758,100%+,0.0,no change,,
440,2020-04-11,Niagara County,64.0,2.0,0.0,-0.08571428571428572,-50% to -5%,110.0,100%+,,
441,2020-04-18,Niagara County,67.0,6.0,2.0,0.046875,no change,2.0,100%+,10.799999999999997,1.9999999999999996
442,2020-04-25,Niagara County,110.0,3.0,6.0,0.6417910447761194,50% to 100%,-0.5,-100% to -50%,12.300000000000002,1.2999999999999998
443,2020-05-02,Niagara County,113.0,3.0,3.0,0.02727272727272727,no change,0.0,no change,18.999999999999996,0.0
444,2020-05-09,Niagara County,170.0,18.0,3.0,0.504424778761062,50% to 100%,5.0,100%+,31.199999999999992,3.5999999999999988
445,2020-05-16,Niagara County,143.0,7.0,18.0,-0.1588235294117647,-50% to -5%,-0.6111111111111112,-100% to -50%,15.599999999999996,2.7
446,2020-05-23,Niagara County,157.0,1.0,7.0,0.0979020979020979,5% to 50%,-0.8571428571428571,-100% to -50%,10.5,-1.6999999999999997
447,2020-05-30,Niagara County,93.0,11.0,1.0,-0.40764331210191085,-50% to -5%,10.0,100%+,-21.699999999999996,-2.6999999999999993
448,2020-06-06,Niagara County,89.0,4.0,11.0,-0.043010752688172046,no change,-0.6363636363636364,-100% to -50%,-22.6,0.09999999999999998
449,2020-06-13,Niagara County,45.0,8.0,4.0,-0.4943820224719101,-50% to -5%,1.0,50% to 100%,-33.999999999999986,1.3999999999999995
450,2020-06-20,Niagara County,34.0,2.0,8.0,-0.24444444444444444,-50% to -5%,-0.75,-100% to -50%,-22.099999999999998,-2.299999999999999
451,2020-06-27,Niagara County,35.0,1.0,2.0,0.029411764705882353,no change,-0.5,-100% to -50%,-17.299999999999994,-1.4999999999999996
452,2020-03-21,Oneida County,,,,0.0,no change,0.0,no change,,
453,2020-03-28,Oneida County,19.0,0.0,,0.0,no change,0.0,no change,,
454,2020-04-04,Oneida County,57.0,2.0,0.0,2.0,100%+,110.0,100%+,,
455,2020-04-11,Oneida County,101.0,0.0,2.0,0.7719298245614035,50% to 100%,-1.0,,,
456,2020-04-18,Oneida County,87.0,2.0,0.0,-0.13861386138613863,-50% to -5%,110.0,100%+,24.799999999999997,0.3999999999999999
457,2020-04-25,Oneida County,96.0,4.0,2.0,0.10344827586206896,5% to 50%,1.0,50% to 100%,10.299999999999999,0.7999999999999998
458,2020-05-02,Oneida County,110.0,6.0,4.0,0.14583333333333334,5% to 50%,0.5,5% to 50%,3.5999999999999996,2.0
459,2020-05-09,Oneida County,164.0,10.0,6.0,0.4909090909090909,5% to 50%,0.6666666666666666,50% to 100%,24.499999999999996,2.5999999999999988
460,2020-05-16,Oneida County,113.0,9.0,10.0,-0.31097560975609756,-50% to -5%,-0.1,-50% to -5%,10.5,1.9
461,2020-05-23,Oneida County,113.0,8.0,9.0,0.0,no change,-0.1111111111111111,-50% to -5%,-4.199999999999999,0.5000000000000002
462,2020-05-30,Oneida County,142.0,13.0,8.0,0.25663716814159293,5% to 50%,0.625,50% to 100%,-6.6,0.7999999999999998
463,2020-06-06,Oneida County,121.0,10.0,13.0,-0.14788732394366197,-50% to -5%,-0.23076923076923078,-50% to -5%,5.3,0.8
464,2020-06-13,Oneida County,126.0,14.0,10.0,0.04132231404958678,no change,0.4,5% to 50%,1.8000000000000007,1.4999999999999996
465,2020-06-20,Oneida County,125.0,9.0,14.0,-0.007936507936507936,no change,-0.35714285714285715,-50% to -5%,-4.6,-0.8
466,2020-06-27,Oneida County,169.0,5.0,9.0,0.352,5% to 50%,-0.4444444444444444,-50% to -5%,14.299999999999999,-1.9999999999999996
467,2020-03-21,Onondaga County,,,,0.0,no change,0.0,no change,,
468,2020-03-28,Onondaga County,112.0,0.0,,0.0,no change,0.0,no change,,
469,2020-04-04,Onondaga County,220.0,4.0,0.0,0.9642857142857143,50% to 100%,110.0,100%+,,
470,2020-04-11,Onondaga County,31.0,8.0,4.0,-0.8590909090909091,-100% to -50%,1.0,50% to 100%,,
471,2020-04-18,Onondaga County,112.0,3.0,8.0,2.6129032258064515,100%+,-0.625,-100% to -50%,-18.9,1.3000000000000003
472,2020-04-25,Onondaga County,172.0,15.0,3.0,0.5357142857142857,50% to 100%,4.0,100%+,-6.300000000000005,2.799999999999999
473,2020-05-02,Onondaga County,239.0,8.0,15.0,0.38953488372093026,5% to 50%,-0.4666666666666667,-50% to -5%,68.39999999999999,1.2
474,2020-05-09,Onondaga County,315.0,23.0,8.0,0.3179916317991632,5% to 50%,1.875,100%+,67.60000000000001,5.3
475,2020-05-16,Onondaga County,251.0,30.0,23.0,-0.20317460317460317,-50% to -5%,0.30434782608695654,5% to 50%,31.300000000000004,6.0
476,2020-05-23,Onondaga County,435.0,15.0,30.0,0.7330677290836654,50% to 100%,-0.5,-100% to -50%,52.4,2.8000000000000007
477,2020-05-30,Onondaga County,229.0,22.0,15.0,-0.4735632183908046,-50% to -5%,0.4666666666666667,5% to 50%,-7.399999999999999,-1.7999999999999998
478,2020-06-06,Onondaga County,242.0,19.0,22.0,0.056768558951965066,5% to 50%,-0.13636363636363635,-50% to -5%,-23.299999999999994,-2.6000000000000005
479,2020-06-13,Onondaga County,123.0,12.0,19.0,-0.49173553719008267,-50% to -5%,-0.3684210526315789,-50% to -5%,-92.29999999999998,-1.1999999999999997
480,2020-06-20,Onondaga County,146.0,11.0,12.0,0.18699186991869918,5% to 50%,-0.08333333333333333,-50% to -5%,-36.79999999999998,-4.0
481,2020-06-27,Onondaga County,147.0,5.0,11.0,0.00684931506849315,no change,-0.5454545454545454,-100% to -50%,-26.199999999999985,-4.3
482,2020-03-21,Ontario County,,,,0.0,no change,0.0,no change,,
483,2020-03-28,Ontario County,12.0,0.0,,0.0,no change,0.0,no change,,
484,2020-04-04,Ontario County,19.0,0.0,0.0,0.5833333333333334,50% to 100%,0.0,no change,,
485,2020-04-11,Ontario County,21.0,0.0,0.0,0.10526315789473684,5% to 50%,0.0,no change,,
486,2020-04-18,Ontario County,13.0,2.0,0.0,-0.38095238095238093,-50% to -5%,110.0,100%+,0.5,0.5999999999999999
487,2020-04-25,Ontario County,13.0,1.0,2.0,0.0,no change,-0.5,-100% to -50%,-2.5999999999999996,0.49999999999999983
488,2020-05-02,Ontario County,10.0,1.0,1.0,-0.23076923076923078,-50% to -5%,0.0,no change,-3.299999999999999,0.19999999999999996
489,2020-05-09,Ontario County,12.0,3.0,1.0,0.2,5% to 50%,2.0,100%+,-0.5999999999999996,0.29999999999999993
490,2020-05-16,Ontario County,35.0,0.0,3.0,1.9166666666666667,100%+,-1.0,,6.799999999999999,-0.1
491,2020-05-23,Ontario County,43.0,2.0,0.0,0.22857142857142856,5% to 50%,110.0,100%+,12.200000000000001,-2.482534153247273e-17
492,2020-05-30,Ontario County,24.0,8.0,2.0,-0.4418604651162791,-50% to -5%,3.0,100%+,4.399999999999999,1.6999999999999997
493,2020-06-06,Ontario County,14.0,3.0,8.0,-0.4166666666666667,-50% to -5%,-0.625,-100% to -50%,-8.2,1.4999999999999996
494,2020-06-13,Ontario County,10.0,2.0,3.0,-0.2857142857142857,-50% to -5%,-0.3333333333333333,-50% to -5%,-10.899999999999999,-0.49999999999999983
495,2020-06-20,Ontario County,9.0,1.0,2.0,-0.1,-50% to -5%,-0.5,-100% to -50%,-4.8999999999999995,-2.2
496,2020-06-27,Ontario County,15.0,2.0,1.0,0.6666666666666666,50% to 100%,1.0,50% to 100%,0.19999999999999996,-0.3999999999999999
497,2020-03-14,Orange County,,,,0.0,no change,0.0,no change,,
498,2020-03-21,Orange County,157.0,0.0,,0.0,no change,0.0,no change,,
499,2020-03-28,Orange County,938.0,3.0,0.0,4.974522292993631,100%+,110.0,100%+,,
500,2020-04-04,Orange County,1640.0,48.0,3.0,0.7484008528784648,50% to 100%,15.0,100%+,,
501,2020-04-11,Orange County,2106.0,48.0,48.0,0.2841463414634146,5% to 50%,0.0,no change,654.8999999999999,18.899999999999995
502,2020-04-18,Orange County,1434.0,45.0,48.0,-0.3190883190883191,-50% to -5%,-0.0625,-50% to -5%,195.39999999999992,12.600000000000003
503,2020-04-25,Orange County,1707.0,56.0,45.0,0.1903765690376569,5% to 50%,0.24444444444444444,5% to 50%,-47.099999999999994,2.0999999999999996
504,2020-05-02,Orange County,937.0,47.0,56.0,-0.4510837727006444,-50% to -5%,-0.16071428571428573,-50% to -5%,-323.3999999999999,0.8
505,2020-05-09,Orange County,576.0,64.0,47.0,-0.3852721451440768,-50% to -5%,0.3617021276595745,5% to 50%,-334.4,4.799999999999999
506,2020-05-16,Orange County,393.0,31.0,64.0,-0.3177083333333333,-50% to -5%,-0.515625,-100% to -50%,-430.29999999999995,-5.799999999999999
507,2020-05-23,Orange County,318.0,17.0,31.0,-0.19083969465648856,-50% to -5%,-0.45161290322580644,-50% to -5%,-203.99999999999997,-12.299999999999999
508,2020-05-30,Orange County,192.0,15.0,17.0,-0.39622641509433965,-50% to -5%,-0.11764705882352941,-50% to -5%,-122.7,-16.099999999999994
509,2020-06-06,Orange County,119.0,10.0,15.0,-0.3802083333333333,-50% to -5%,-0.3333333333333333,-50% to -5%,-94.8,-6.499999999999999
510,2020-06-13,Orange County,55.0,7.0,10.0,-0.5378151260504201,-100% to -50%,-0.3,-50% to -5%,-86.19999999999999,-3.4999999999999987
511,2020-06-20,Orange County,75.0,4.0,7.0,0.36363636363636365,5% to 50%,-0.42857142857142855,-50% to -5%,-41.5,-3.5999999999999996
512,2020-06-27,Orange County,72.0,4.0,4.0,-0.04,no change,0.0,no change,-12.100000000000001,-2.0999999999999996
513,2020-03-28,Orleans County,,,,0.0,no change,0.0,no change,,
514,2020-04-04,Orleans County,7.0,0.0,,0.0,no change,0.0,no change,,
515,2020-04-11,Orleans County,14.0,0.0,0.0,1.0,50% to 100%,0.0,no change,,
516,2020-04-18,Orleans County,17.0,0.0,0.0,0.21428571428571427,5% to 50%,0.0,no change,,
517,2020-04-25,Orleans County,34.0,3.0,0.0,1.0,50% to 100%,110.0,100%+,8.399999999999997,0.8999999999999999
518,2020-05-02,Orleans County,18.0,3.0,3.0,-0.47058823529411764,-50% to -5%,0.0,no change,2.9000000000000004,1.1999999999999997
519,2020-05-09,Orleans County,29.0,8.0,3.0,0.6111111111111112,50% to 100%,1.6666666666666667,100%+,1.9999999999999993,2.3999999999999995
520,2020-05-16,Orleans County,41.0,3.0,8.0,0.41379310344827586,5% to 50%,-0.625,-100% to -50%,3.1999999999999993,0.49999999999999983
521,2020-05-23,Orleans County,33.0,3.0,3.0,-0.1951219512195122,-50% to -5%,0.0,no change,5.699999999999998,-0.4999999999999999
522,2020-05-30,Orleans County,32.0,6.0,3.0,-0.030303030303030304,no change,1.0,50% to 100%,0.09999999999999969,-0.6000000000000001
523,2020-06-06,Orleans County,26.0,3.0,6.0,-0.1875,-50% to -5%,-0.5,-100% to -50%,-4.6,0.30000000000000004
524,2020-06-13,Orleans County,7.0,7.0,3.0,-0.7307692307692307,-100% to -50%,1.3333333333333333,100%+,-8.399999999999999,0.8999999999999999
525,2020-06-20,Orleans County,14.0,1.0,7.0,1.0,50% to 100%,-0.8571428571428571,-100% to -50%,-7.3,-1.0999999999999996
526,2020-06-27,Orleans County,5.0,3.0,1.0,-0.6428571428571429,-100% to -50%,2.0,100%+,-5.599999999999998,-0.5999999999999999
527,2020-03-28,Oswego County,,,,0.0,no change,0.0,no change,,
528,2020-04-04,Oswego County,23.0,2.0,,0.0,no change,0.0,no change,,
529,2020-04-11,Oswego County,7.0,0.0,2.0,-0.6956521739130435,-100% to -50%,-1.0,,,
530,2020-04-18,Oswego County,8.0,0.0,0.0,0.14285714285714285,5% to 50%,0.0,no change,,
531,2020-04-25,Oswego County,12.0,0.0,0.0,0.5,5% to 50%,0.0,no change,-3.1999999999999993,-0.5999999999999999
532,2020-05-02,Oswego County,9.0,0.0,0.0,-0.25,-50% to -5%,0.0,no change,0.9999999999999997,0.0
533,2020-05-09,Oswego County,9.0,0.0,0.0,0.0,no change,0.0,no change,0.0,0.0
534,2020-05-16,Oswego County,8.0,0.0,0.0,-0.1111111111111111,-50% to -5%,0.0,no change,-1.1999999999999997,0.0
535,2020-05-23,Oswego County,16.0,0.0,0.0,1.0,50% to 100%,0.0,no change,1.9999999999999996,0.0
536,2020-05-30,Oswego County,9.0,0.0,0.0,-0.4375,-50% to -5%,0.0,no change,0.8,0.0
537,2020-06-06,Oswego County,6.0,0.0,0.0,-0.3333333333333333,-50% to -5%,0.0,no change,-1.2999999999999998,0.0
538,2020-06-13,Oswego County,8.0,0.0,0.0,0.3333333333333333,5% to 50%,0.0,no change,-2.6999999999999993,0.0
539,2020-06-20,Oswego County,47.0,0.0,0.0,4.875,100%+,0.0,no change,11.599999999999998,0.0
540,2020-06-27,Oswego County,25.0,0.0,0.0,-0.46808510638297873,-50% to -5%,0.0,no change,9.599999999999998,0.0
541,2020-03-28,Otsego County,,,,0.0,no change,0.0,no change,,
542,2020-04-04,Otsego County,19.0,2.0,,0.0,no change,0.0,no change,,
543,2020-04-11,Otsego County,17.0,0.0,2.0,-0.10526315789473684,-50% to -5%,-1.0,,,
544,2020-04-18,Otsego County,4.0,2.0,0.0,-0.7647058823529411,-100% to -50%,110.0,100%+,,
545,2020-04-25,Otsego County,13.0,1.0,2.0,2.25,100%+,-0.5,-100% to -50%,-3.0999999999999996,-0.10000000000000003
546,2020-05-02,Otsego County,7.0,0.0,1.0,-0.46153846153846156,-50% to -5%,-1.0,,-2.0999999999999996,-0.09999999999999998
547,2020-05-09,Otsego County,0.0,0.0,0.0,-1.0,,0.0,no change,-1.7999999999999998,-0.7
548,2020-05-16,Otsego County,0.0,0.0,0.0,0.0,no change,0.0,no change,-4.6,-0.29999999999999993
549,2020-05-23,Otsego County,1.0,1.0,0.0,100.0,100%+,110.0,100%+,-1.7999999999999998,0.29999999999999993
550,2020-05-30,Otsego County,3.0,0.0,1.0,2.0,100%+,-1.0,,0.9999999999999998,0.09999999999999998
551,2020-06-06,Otsego County,3.0,0.0,0.0,0.0,no change,0.0,no change,1.0999999999999996,-0.09999999999999998
552,2020-06-13,Otsego County,6.0,0.0,0.0,1.0,50% to 100%,0.0,no change,1.4999999999999996,-0.29999999999999993
553,2020-06-20,Otsego County,2.0,0.0,0.0,-0.6666666666666666,-100% to -50%,0.0,no change,-2.482534153247273e-17,0.0
554,2020-06-27,Otsego County,2.0,0.0,0.0,0.0,no change,0.0,no change,-0.6999999999999998,0.0
555,2020-03-21,Putnam County,,,,0.0,no change,0.0,no change,,
556,2020-03-28,Putnam County,109.0,0.0,,0.0,no change,0.0,no change,,
557,2020-04-04,Putnam County,152.0,9.0,0.0,0.3944954128440367,5% to 50%,110.0,100%+,,
558,2020-04-11,Putnam County,211.0,11.0,9.0,0.3881578947368421,5% to 50%,0.2222222222222222,5% to 50%,,
559,2020-04-18,Putnam County,88.0,9.0,11.0,-0.5829383886255924,-100% to -50%,-0.18181818181818182,-50% to -5%,-0.39999999999999875,2.8999999999999986
560,2020-04-25,Putnam County,303.0,13.0,9.0,2.4431818181818183,100%+,0.4444444444444444,5% to 50%,32.99999999999999,1.0
561,2020-05-02,Putnam County,118.0,4.0,13.0,-0.6105610561056105,-100% to -50%,-0.6923076923076923,-100% to -50%,-6.399999999999996,-1.6999999999999995
562,2020-05-09,Putnam County,77.0,10.0,4.0,-0.3474576271186441,-50% to -5%,1.5,100%+,-21.799999999999997,-0.5999999999999998
563,2020-05-16,Putnam County,47.0,3.0,10.0,-0.38961038961038963,-50% to -5%,-0.7,-100% to -50%,-80.89999999999999,-2.3999999999999995
564,2020-05-23,Putnam County,73.0,0.0,3.0,0.5531914893617021,50% to 100%,-1.0,,-16.500000000000004,-1.8999999999999995
565,2020-05-30,Putnam County,48.0,1.0,0.0,-0.3424657534246575,-50% to -5%,110.0,100%+,-6.099999999999998,-3.0
566,2020-06-06,Putnam County,26.0,0.0,1.0,-0.4583333333333333,-50% to -5%,-1.0,,-8.799999999999999,-0.7999999999999998
567,2020-06-13,Putnam County,11.0,0.0,0.0,-0.5769230769230769,-100% to -50%,0.0,no change,-20.800000000000004,-0.09999999999999998
568,2020-06-20,Putnam County,16.0,0.0,0.0,0.45454545454545453,5% to 50%,0.0,no change,-11.1,-0.29999999999999993
569,2020-06-27,Putnam County,18.0,1.0,0.0,0.125,5% to 50%,110.0,100%+,-1.8999999999999988,0.29999999999999993
570,2020-03-21,Rensselaer County,,,,0.0,no change,0.0,no change,,
571,2020-03-28,Rensselaer County,18.0,0.0,,0.0,no change,0.0,no change,,
572,2020-04-04,Rensselaer County,35.0,1.0,0.0,0.9444444444444444,50% to 100%,110.0,100%+,,
573,2020-04-11,Rensselaer County,23.0,3.0,1.0,-0.34285714285714286,-50% to -5%,2.0,100%+,,
574,2020-04-18,Rensselaer County,68.0,5.0,3.0,1.9565217391304348,100%+,0.6666666666666666,50% to 100%,13.799999999999999,1.6999999999999997
575,2020-04-25,Rensselaer County,57.0,3.0,5.0,-0.16176470588235295,-50% to -5%,-0.4,-50% to -5%,11.099999999999996,0.7999999999999998
576,2020-05-02,Rensselaer County,90.0,9.0,3.0,0.5789473684210527,50% to 100%,2.0,100%+,18.999999999999996,1.6
577,2020-05-09,Rensselaer County,96.0,8.0,9.0,0.06666666666666667,5% to 50%,-0.1111111111111111,-50% to -5%,11.7,1.4999999999999996
578,2020-05-16,Rensselaer County,31.0,1.0,8.0,-0.6770833333333334,-100% to -50%,-0.875,-100% to -50%,-7.199999999999999,-0.6999999999999998
579,2020-05-23,Rensselaer County,25.0,2.0,1.0,-0.1935483870967742,-50% to -5%,1.0,50% to 100%,-25.999999999999996,-2.8
580,2020-05-30,Rensselaer County,23.0,0.0,2.0,-0.08,-50% to -5%,-1.0,,-22.5,-2.3
581,2020-06-06,Rensselaer County,13.0,0.0,0.0,-0.43478260869565216,-50% to -5%,0.0,no change,-5.6,-0.4999999999999999
582,2020-06-13,Rensselaer County,12.0,2.0,0.0,-0.07692307692307693,-50% to -5%,110.0,100%+,-4.8999999999999995,4.965068306494546e-17
583,2020-06-20,Rensselaer County,10.0,3.0,2.0,-0.16666666666666666,-50% to -5%,0.5,5% to 50%,-3.9999999999999987,1.1
584,2020-06-27,Rensselaer County,29.0,0.0,3.0,1.9,100%+,-1.0,,4.599999999999998,0.10000000000000007
585,2020-03-07,Rockland County,,,,0.0,no change,0.0,no change,,
586,2020-03-14,Rockland County,10.0,1.0,,0.0,no change,0.0,no change,,
587,2020-03-21,Rockland County,250.0,2.0,1.0,24.0,100%+,1.0,50% to 100%,,
588,2020-03-28,Rockland County,1634.0,5.0,2.0,5.536,100%+,1.5,100%+,,
589,2020-04-04,Rockland County,2976.0,61.0,5.0,0.8212974296205631,50% to 100%,11.2,100%+,1028.2,18.299999999999997
590,2020-04-11,Rockland County,2605.0,84.0,61.0,-0.12466397849462366,-50% to -5%,0.3770491803278688,5% to 50%,840.7,30.200000000000006
591,2020-04-18,Rockland County,1694.0,81.0,84.0,-0.34971209213051824,-50% to -5%,-0.03571428571428571,no change,-19.099999999999934,25.099999999999994
592,2020-04-25,Rockland County,1920.0,106.0,81.0,0.1334120425029516,5% to 50%,0.30864197530864196,5% to 50%,-407.9,13.199999999999996
593,2020-05-02,Rockland County,854.0,36.0,106.0,-0.5552083333333333,-100% to -50%,-0.660377358490566,-100% to -50%,-502.6999999999998,-11.899999999999997
594,2020-05-09,Rockland County,455.0,34.0,36.0,-0.4672131147540984,-50% to -5%,-0.05555555555555555,-50% to -5%,-478.2999999999999,-21.1
595,2020-05-16,Rockland County,288.0,29.0,34.0,-0.367032967032967,-50% to -5%,-0.14705882352941177,-50% to -5%,-529.4999999999999,-23.299999999999997
596,2020-05-23,Rockland County,246.0,13.0,29.0,-0.14583333333333334,-50% to -5%,-0.5517241379310345,-100% to -50%,-199.1,-7.399999999999999
597,2020-05-30,Rockland County,194.0,5.0,13.0,-0.21138211382113822,-50% to -5%,-0.6153846153846154,-100% to -50%,-82.5,-10.299999999999999
598,2020-06-06,Rockland County,187.0,8.0,5.0,-0.03608247422680412,no change,0.6,50% to 100%,-35.5,-7.099999999999999
599,2020-06-13,Rockland County,96.0,1.0,8.0,-0.48663101604278075,-50% to -5%,-0.875,-100% to -50%,-45.699999999999996,-3.299999999999999
600,2020-06-20,Rockland County,84.0,3.0,1.0,-0.125,-50% to -5%,2.0,100%+,-42.099999999999994,-1.2999999999999998
601,2020-06-27,Rockland County,71.0,0.0,3.0,-0.15476190476190477,-50% to -5%,-1.0,,-35.99999999999999,-2.1999999999999993
602,2020-03-28,St. Lawrence County,,,,0.0,no change,0.0,no change,,
603,2020-04-04,St. Lawrence County,50.0,0.0,,0.0,no change,0.0,no change,,
604,2020-04-11,St. Lawrence County,22.0,1.0,0.0,-0.56,-100% to -50%,110.0,100%+,,
605,2020-04-18,St. Lawrence County,18.0,0.0,1.0,-0.18181818181818182,-50% to -5%,-1.0,,,
606,2020-04-25,St. Lawrence County,58.0,0.0,0.0,2.2222222222222223,100%+,0.0,no change,1.9999999999999993,-0.09999999999999998
607,2020-05-02,St. Lawrence County,20.0,1.0,0.0,-0.6551724137931034,-100% to -50%,110.0,100%+,3.3999999999999995,2.482534153247273e-17
608,2020-05-09,St. Lawrence County,11.0,0.0,1.0,-0.45,-50% to -5%,-1.0,,-5.899999999999998,0.09999999999999998
609,2020-05-16,St. Lawrence County,5.0,0.0,0.0,-0.5454545454545454,-100% to -50%,0.0,no change,-16.799999999999997,-0.09999999999999998
610,2020-05-23,St. Lawrence County,4.0,0.0,0.0,-0.2,-50% to -5%,0.0,no change,-5.399999999999999,-0.29999999999999993
611,2020-05-30,St. Lawrence County,6.0,0.0,0.0,0.5,5% to 50%,0.0,no change,-1.5999999999999996,0.0
612,2020-06-06,St. Lawrence County,7.0,0.0,0.0,0.16666666666666666,5% to 50%,0.0,no change,0.7999999999999998,0.0
613,2020-06-13,St. Lawrence County,5.0,1.0,0.0,-0.2857142857142857,-50% to -5%,110.0,100%+,0.3999999999999999,0.29999999999999993
614,2020-06-20,St. Lawrence County,2.0,0.0,1.0,-0.6,-100% to -50%,-1.0,,-1.3999999999999995,0.09999999999999998
615,2020-06-27,St. Lawrence County,2.0,0.0,0.0,0.0,no change,0.0,no change,-1.7999999999999998,-0.09999999999999998
616,2020-03-07,Saratoga County,,,,0.0,no change,0.0,no change,,
617,2020-03-14,Saratoga County,1.0,0.0,,0.0,no change,0.0,no change,,
618,2020-03-21,Saratoga County,32.0,0.0,0.0,31.0,100%+,0.0,no change,,
619,2020-03-28,Saratoga County,61.0,0.0,0.0,0.90625,50% to 100%,0.0,no change,,
620,2020-04-04,Saratoga County,45.0,1.0,0.0,-0.26229508196721313,-50% to -5%,110.0,100%+,16.099999999999994,0.29999999999999993
621,2020-04-11,Saratoga County,46.0,0.0,1.0,0.022222222222222223,no change,-1.0,,2.5999999999999983,0.09999999999999998
622,2020-04-18,Saratoga County,57.0,0.0,0.0,0.2391304347826087,5% to 50%,0.0,no change,-1.0999999999999996,-0.09999999999999998
623,2020-04-25,Saratoga County,76.0,2.0,0.0,0.3333333333333333,5% to 50%,110.0,100%+,10.399999999999999,0.29999999999999993
624,2020-05-02,Saratoga County,41.0,0.0,2.0,-0.4605263157894737,-50% to -5%,-1.0,,0.3999999999999995,0.19999999999999996
625,2020-05-09,Saratoga County,38.0,0.0,0.0,-0.07317073170731707,-50% to -5%,0.0,no change,-9.199999999999998,-0.19999999999999996
626,2020-05-16,Saratoga County,24.0,0.0,0.0,-0.3684210526315789,-50% to -5%,0.0,no change,-15.9,-0.5999999999999999
627,2020-05-23,Saratoga County,29.0,1.0,0.0,0.20833333333333334,5% to 50%,110.0,100%+,-5.0,0.29999999999999993
628,2020-05-30,Saratoga County,25.0,0.0,1.0,-0.13793103448275862,-50% to -5%,-1.0,,-3.4000000000000004,0.09999999999999998
629,2020-06-06,Saratoga County,24.0,0.0,0.0,-0.04,no change,0.0,no change,-0.3999999999999999,-0.09999999999999998
630,2020-06-13,Saratoga County,13.0,1.0,0.0,-0.4583333333333333,-50% to -5%,110.0,100%+,-4.899999999999998,2.482534153247273e-17
631,2020-06-20,Saratoga County,17.0,0.0,1.0,0.3076923076923077,5% to 50%,-1.0,,-3.499999999999999,0.09999999999999998
632,2020-06-27,Saratoga County,15.0,0.0,0.0,-0.11764705882352941,-50% to -5%,0.0,no change,-2.3,-0.09999999999999998
633,2020-03-14,Schenectady County,,,,0.0,no change,0.0,no change,,
634,2020-03-21,Schenectady County,31.0,0.0,,0.0,no change,0.0,no change,,
635,2020-03-28,Schenectady County,40.0,0.0,0.0,0.2903225806451613,5% to 50%,0.0,no change,,
636,2020-04-04,Schenectady County,45.0,6.0,0.0,0.125,5% to 50%,110.0,100%+,,
637,2020-04-11,Schenectady County,77.0,4.0,6.0,0.7111111111111111,50% to 100%,-0.3333333333333333,-50% to -5%,14.299999999999995,1.7999999999999998
638,2020-04-18,Schenectady County,65.0,7.0,4.0,-0.15584415584415584,-50% to -5%,0.75,50% to 100%,10.700000000000001,1.8999999999999995
639,2020-04-25,Schenectady County,172.0,4.0,7.0,1.646153846153846,100%+,-0.42857142857142855,-50% to -5%,36.89999999999999,-0.29999999999999993
640,2020-05-02,Schenectady County,90.0,4.0,4.0,-0.47674418604651164,-50% to -5%,0.0,no change,14.6,-0.29999999999999993
641,2020-05-09,Schenectady County,50.0,1.0,4.0,-0.4444444444444444,-50% to -5%,-0.75,-100% to -50%,-12.699999999999998,-1.7999999999999998
642,2020-05-16,Schenectady County,42.0,1.0,1.0,-0.16,-50% to -5%,0.0,no change,-43.0,-1.1999999999999997
643,2020-05-23,Schenectady County,35.0,1.0,1.0,-0.16666666666666666,-50% to -5%,0.0,no change,-17.299999999999994,-0.8999999999999999
644,2020-05-30,Schenectady County,38.0,2.0,1.0,0.08571428571428572,5% to 50%,1.0,50% to 100%,-4.299999999999998,0.29999999999999993
645,2020-06-06,Schenectady County,24.0,2.0,2.0,-0.3684210526315789,-50% to -5%,0.0,no change,-5.099999999999999,0.3999999999999999
646,2020-06-13,Schenectady County,13.0,0.0,2.0,-0.4583333333333333,-50% to -5%,-1.0,,-8.0,-0.29999999999999993
647,2020-06-20,Schenectady County,26.0,0.0,0.0,1.0,50% to 100%,0.0,no change,-4.699999999999998,-0.7999999999999998
648,2020-06-27,Schenectady County,37.0,2.0,0.0,0.4230769230769231,5% to 50%,110.0,100%+,5.199999999999999,4.965068306494546e-17
649,2020-03-21,Schoharie County,,,,0.0,no change,0.0,no change,,
650,2020-03-28,Schoharie County,4.0,0.0,,0.0,no change,0.0,no change,,
651,2020-04-04,Schoharie County,6.0,0.0,0.0,0.5,5% to 50%,0.0,no change,,
652,2020-04-11,Schoharie County,1.0,0.0,0.0,-0.8333333333333334,-100% to -50%,0.0,no change,,
653,2020-04-18,Schoharie County,8.0,0.0,0.0,7.0,100%+,0.0,no change,0.6999999999999997,0.0
654,2020-04-25,Schoharie County,13.0,0.0,0.0,0.625,50% to 100%,0.0,no change,2.799999999999999,0.0
655,2020-05-02,Schoharie County,10.0,0.0,0.0,-0.23076923076923078,-50% to -5%,0.0,no change,3.1999999999999993,0.0
656,2020-05-09,Schoharie County,3.0,0.0,0.0,-0.7,-100% to -50%,0.0,no change,-1.7999999999999998,0.0
657,2020-05-16,Schoharie County,1.0,0.0,0.0,-0.6666666666666666,-100% to -50%,0.0,no change,-4.3,0.0
658,2020-05-23,Schoharie County,2.0,0.0,0.0,1.0,50% to 100%,0.0,no change,-2.5999999999999988,0.0
659,2020-05-30,Schoharie County,1.0,0.0,0.0,-0.5,-100% to -50%,0.0,no change,-0.49999999999999983,0.0
660,2020-06-06,Schoharie County,4.0,0.0,0.0,3.0,100%+,0.0,no change,0.8,0.0
661,2020-06-13,Schoharie County,0.0,0.0,0.0,-1.0,,0.0,no change,-0.30000000000000004,0.0
662,2020-06-20,Schoharie County,2.0,0.0,0.0,100.0,100%+,0.0,no change,-0.09999999999999998,0.0
663,2020-06-27,Schoharie County,1.0,0.0,0.0,-0.5,-100% to -50%,0.0,no change,-0.6999999999999997,0.0
664,2020-03-28,Schuyler County,,,,0.0,no change,0.0,no change,,
665,2020-04-04,Schuyler County,3.0,0.0,,0.0,no change,0.0,no change,,
666,2020-04-11,Schuyler County,1.0,0.0,0.0,-0.6666666666666666,-100% to -50%,0.0,no change,,
667,2020-04-18,Schuyler County,1.0,0.0,0.0,0.0,no change,0.0,no change,,
668,2020-04-25,Schuyler County,1.0,0.0,0.0,0.0,no change,0.0,no change,-0.5999999999999999,0.0
669,2020-05-02,Schuyler County,0.0,0.0,0.0,-1.0,,0.0,no change,-0.29999999999999993,0.0
670,2020-05-09,Schuyler County,0.0,0.0,0.0,0.0,no change,0.0,no change,-0.3999999999999999,0.0
671,2020-05-16,Schuyler County,1.0,0.0,0.0,100.0,100%+,0.0,no change,2.482534153247273e-17,0.0
672,2020-05-23,Schuyler County,3.0,0.0,0.0,2.0,100%+,0.0,no change,0.9999999999999998,0.0
673,2020-05-30,Schuyler County,0.0,0.0,0.0,-1.0,,0.0,no change,0.19999999999999987,0.0
674,2020-06-06,Schuyler County,1.0,0.0,0.0,100.0,100%+,0.0,no change,-0.29999999999999993,0.0
675,2020-06-13,Schuyler County,0.0,0.0,0.0,-1.0,,0.0,no change,-0.7999999999999998,0.0
676,2020-06-20,Schuyler County,0.0,0.0,0.0,0.0,no change,0.0,no change,-0.09999999999999998,0.0
677,2020-06-27,Schuyler County,0.0,0.0,0.0,0.0,no change,0.0,no change,-0.29999999999999993,0.0
678,2020-04-04,Seneca County,,,,0.0,no change,0.0,no change,,
679,2020-04-11,Seneca County,10.0,0.0,,0.0,no change,0.0,no change,,
680,2020-04-18,Seneca County,2.0,1.0,0.0,-0.8,-100% to -50%,110.0,100%+,,
681,2020-04-25,Seneca County,18.0,0.0,1.0,8.0,100%+,-1.0,,,
682,2020-05-02,Seneca County,6.0,0.0,0.0,-0.6666666666666666,-100% to -50%,0.0,no change,0.4,-0.09999999999999998
683,2020-05-09,Seneca County,6.0,0.0,0.0,0.0,no change,0.0,no change,0.0,-0.29999999999999993
684,2020-05-16,Seneca County,2.0,0.0,0.0,-0.6666666666666666,-100% to -50%,0.0,no change,-4.799999999999999,0.0
685,2020-05-23,Seneca County,4.0,0.0,0.0,1.0,50% to 100%,0.0,no change,-0.9999999999999997,0.0
686,2020-05-30,Seneca County,4.0,0.0,0.0,0.0,no change,0.0,no change,-0.3999999999999999,0.0
687,2020-06-06,Seneca County,3.0,0.0,0.0,-0.25,-50% to -5%,0.0,no change,0.29999999999999993,0.0
688,2020-06-13,Seneca County,2.0,0.0,0.0,-0.3333333333333333,-50% to -5%,0.0,no change,-0.6999999999999997,0.0
689,2020-06-20,Seneca County,1.0,0.0,0.0,-0.5,-100% to -50%,0.0,no change,-1.0,0.0
690,2020-06-27,Seneca County,5.0,0.0,0.0,4.0,100%+,0.0,no change,0.5,0.0
691,2020-03-21,Steuben County,,,,0.0,no change,0.0,no change,,
692,2020-03-28,Steuben County,11.0,0.0,,0.0,no change,0.0,no change,,
693,2020-04-04,Steuben County,51.0,1.0,0.0,3.6363636363636362,100%+,110.0,100%+,,
694,2020-04-11,Steuben County,55.0,2.0,1.0,0.0784313725490196,5% to 50%,1.0,50% to 100%,,
695,2020-04-18,Steuben County,41.0,2.0,2.0,-0.2545454545454545,-50% to -5%,0.0,no change,9.4,0.7
696,2020-04-25,Steuben County,44.0,5.0,2.0,0.07317073170731707,5% to 50%,1.5,100%+,-3.499999999999999,1.1999999999999997
697,2020-05-02,Steuben County,13.0,1.0,5.0,-0.7045454545454546,-100% to -50%,-0.8,-100% to -50%,-12.299999999999999,-2.482534153247273e-17
698,2020-05-09,Steuben County,9.0,5.0,1.0,-0.3076923076923077,-50% to -5%,4.0,100%+,-12.700000000000001,0.5
699,2020-05-16,Steuben County,7.0,2.0,5.0,-0.2222222222222222,-50% to -5%,-0.6,-100% to -50%,-11.499999999999998,-0.49999999999999983
700,2020-05-23,Steuben County,7.0,0.0,2.0,0.0,no change,-1.0,,-1.9999999999999993,-0.5999999999999999
701,2020-05-30,Steuben County,1.0,0.0,0.0,-0.8571428571428571,-100% to -50%,0.0,no change,-2.3999999999999995,-1.6999999999999997
702,2020-06-06,Steuben County,10.0,1.0,0.0,9.0,100%+,110.0,100%+,0.3000000000000001,-0.29999999999999993
703,2020-06-13,Steuben County,4.0,0.0,1.0,-0.6,-100% to -50%,-1.0,,0.0,0.09999999999999998
704,2020-06-20,Steuben County,6.0,0.0,0.0,0.5,5% to 50%,0.0,no change,0.9000000000000004,-0.09999999999999998
705,2020-06-27,Steuben County,3.0,0.0,0.0,-0.5,-100% to -50%,0.0,no change,-1.8999999999999995,-0.29999999999999993
706,2020-03-14,Suffolk County,,,,0.0,no change,0.0,no change,,
707,2020-03-21,Suffolk County,621.0,9.0,,0.0,no change,0.0,no change,,
708,2020-03-28,Suffolk County,3476.0,28.0,9.0,4.597423510466989,100%+,2.111111111111111,100%+,,
709,2020-04-04,Suffolk County,8190.0,138.0,28.0,1.356156501726122,100%+,3.9285714285714284,100%+,,
710,2020-04-11,Suffolk County,7555.0,294.0,138.0,-0.07753357753357754,-50% to -5%,1.1304347826086956,100%+,2551.5999999999995,96.49999999999999
711,2020-04-18,Suffolk County,6260.0,237.0,294.0,-0.171409662475182,-50% to -5%,-0.19387755102040816,-50% to -5%,771.6999999999997,78.29999999999998
712,2020-04-25,Suffolk County,5225.0,379.0,237.0,-0.16533546325878595,-50% to -5%,0.5991561181434599,50% to 100%,-1019.0,66.6
713,2020-05-02,Suffolk County,3110.0,192.0,379.0,-0.4047846889952153,-50% to -5%,-0.49340369393139843,-50% to -5%,-1436.9999999999998,-16.4
714,2020-05-09,Suffolk County,1983.0,370.0,192.0,-0.36237942122186495,-50% to -5%,0.9270833333333334,50% to 100%,-1494.5999999999997,21.199999999999992
715,2020-05-16,Suffolk County,1481.0,136.0,370.0,-0.25315179021684314,-50% to -5%,-0.6324324324324324,-100% to -50%,-1235.9000000000003,-55.09999999999998
716,2020-05-23,Suffolk County,860.0,88.0,136.0,-0.41931127616475355,-50% to -5%,-0.35294117647058826,-50% to -5%,-725.1999999999997,-54.6
717,2020-05-30,Suffolk County,730.0,70.0,88.0,-0.1511627906976744,-50% to -5%,-0.20454545454545456,-50% to -5%,-437.99999999999994,-94.79999999999997
718,2020-06-06,Suffolk County,746.0,29.0,70.0,0.021917808219178082,no change,-0.5857142857142857,-100% to -50%,-233.49999999999994,-33.89999999999999
719,2020-06-13,Suffolk County,337.0,26.0,29.0,-0.5482573726541555,-100% to -50%,-0.10344827586206896,-50% to -5%,-155.29999999999993,-22.7
720,2020-06-20,Suffolk County,293.0,16.0,26.0,-0.13056379821958458,-50% to -5%,-0.38461538461538464,-50% to -5%,-172.0,-16.499999999999996
721,2020-06-27,Suffolk County,345.0,13.0,16.0,0.17747440273037543,5% to 50%,-0.1875,-50% to -5%,-124.69999999999997,-5.799999999999999
722,2020-03-21,Sullivan County,,,,0.0,no change,0.0,no change,,
723,2020-03-28,Sullivan County,60.0,0.0,,0.0,no change,0.0,no change,,
724,2020-04-04,Sullivan County,121.0,5.0,0.0,1.0166666666666666,100%+,110.0,100%+,,
725,2020-04-11,Sullivan County,147.0,2.0,5.0,0.21487603305785125,5% to 50%,-0.6,-100% to -50%,,
726,2020-04-18,Sullivan County,184.0,0.0,2.0,0.25170068027210885,5% to 50%,-1.0,,39.8,-0.29999999999999993
727,2020-04-25,Sullivan County,165.0,2.0,0.0,-0.10326086956521739,-50% to -5%,110.0,100%+,16.9,-1.0999999999999996
728,2020-05-02,Sullivan County,242.0,3.0,2.0,0.4666666666666667,5% to 50%,0.5,5% to 50%,26.599999999999994,0.5
729,2020-05-09,Sullivan County,140.0,8.0,3.0,-0.4214876033057851,-50% to -5%,1.6666666666666667,100%+,-5.499999999999998,2.499999999999999
730,2020-05-16,Sullivan County,146.0,4.0,8.0,0.04285714285714286,no change,-0.5,-100% to -50%,-15.899999999999997,1.0999999999999996
731,2020-05-23,Sullivan County,80.0,0.0,4.0,-0.4520547945205479,-50% to -5%,-1.0,,-47.999999999999986,-1.2999999999999998
732,2020-05-30,Sullivan County,78.0,4.0,0.0,-0.025,no change,110.0,100%+,-25.2,-1.5999999999999996
733,2020-06-06,Sullivan County,36.0,3.0,4.0,-0.5384615384615384,-100% to -50%,-0.25,-50% to -5%,-33.199999999999996,0.09999999999999998
734,2020-06-13,Sullivan County,19.0,0.0,3.0,-0.4722222222222222,-50% to -5%,-1.0,,-22.499999999999993,-0.10000000000000007
735,2020-06-20,Sullivan County,5.0,0.0,0.0,-0.7368421052631579,-100% to -50%,0.0,no change,-23.599999999999998,-1.5
736,2020-06-27,Sullivan County,16.0,0.0,0.0,2.2,100%+,0.0,no change,-7.399999999999998,-0.8999999999999999
737,2020-03-14,Tioga County,,,,0.0,no change,0.0,no change,,
738,2020-03-21,Tioga County,0.0,0.0,,0.0,no change,0.0,no change,,
739,2020-03-28,Tioga County,3.0,0.0,0.0,100.0,100%+,0.0,no change,,
740,2020-04-04,Tioga County,4.0,0.0,0.0,0.3333333333333333,5% to 50%,0.0,no change,,
741,2020-04-11,Tioga County,11.0,0.0,0.0,1.75,100%+,0.0,no change,3.399999999999999,0.0
742,2020-04-18,Tioga County,13.0,0.0,0.0,0.18181818181818182,5% to 50%,0.0,no change,3.699999999999999,0.0
743,2020-04-25,Tioga County,39.0,3.0,0.0,2.0,100%+,110.0,100%+,10.699999999999998,0.8999999999999999
744,2020-05-02,Tioga County,19.0,3.0,3.0,-0.5128205128205128,-100% to -50%,0.0,no change,5.0,1.1999999999999997
745,2020-05-09,Tioga County,14.0,6.0,3.0,-0.2631578947368421,-50% to -5%,1.0,50% to 100%,-1.6999999999999997,1.7999999999999998
746,2020-05-16,Tioga County,8.0,4.0,6.0,-0.42857142857142855,-50% to -5%,-0.3333333333333333,-50% to -5%,-9.799999999999999,0.5999999999999996
747,2020-05-23,Tioga County,9.0,2.0,4.0,0.125,5% to 50%,-0.5,-100% to -50%,-3.5999999999999996,-0.5
748,2020-05-30,Tioga County,7.0,-1.0,2.0,-0.2222222222222222,-50% to -5%,-1.5,,-2.0,-2.3
749,2020-06-06,Tioga County,6.0,1.0,-1.0,-0.14285714285714285,-50% to -5%,-2.0,,-0.7999999999999998,-1.1999999999999997
750,2020-06-13,Tioga County,3.0,0.0,1.0,-0.5,-100% to -50%,-1.0,,-1.8999999999999995,-0.3999999999999999
751,2020-06-20,Tioga County,3.0,0.0,0.0,0.0,no change,0.0,no change,-1.5,0.19999999999999996
752,2020-06-27,Tioga County,2.0,0.0,0.0,-0.3333333333333333,-50% to -5%,0.0,no change,-1.1999999999999997,-0.29999999999999993
753,2020-03-14,Tompkins County,,,,0.0,no change,0.0,no change,,
754,2020-03-21,Tompkins County,10.0,0.0,,0.0,no change,0.0,no change,,
755,2020-03-28,Tompkins County,34.0,0.0,0.0,2.4,100%+,0.0,no change,,
756,2020-04-04,Tompkins County,42.0,0.0,0.0,0.23529411764705882,5% to 50%,0.0,no change,,
757,2020-04-11,Tompkins County,21.0,0.0,0.0,-0.5,-100% to -50%,0.0,no change,4.099999999999999,0.0
758,2020-04-18,Tompkins County,9.0,2.0,0.0,-0.5714285714285714,-100% to -50%,110.0,100%+,-9.599999999999998,0.5999999999999999
759,2020-04-25,Tompkins County,9.0,0.0,2.0,0.0,no change,-1.0,,-11.1,0.19999999999999996
760,2020-05-02,Tompkins County,2.0,0.0,0.0,-0.7777777777777778,-100% to -50%,0.0,no change,-5.699999999999998,-0.19999999999999996
761,2020-05-09,Tompkins County,4.0,0.0,0.0,1.0,50% to 100%,0.0,no change,-2.1999999999999997,-0.5999999999999999
762,2020-05-16,Tompkins County,6.0,0.0,0.0,0.5,5% to 50%,0.0,no change,-0.7000000000000002,0.0
763,2020-05-23,Tompkins County,11.0,0.0,0.0,0.8333333333333334,50% to 100%,0.0,no change,2.8999999999999995,0.0
764,2020-05-30,Tompkins County,12.0,0.0,0.0,0.09090909090909091,5% to 50%,0.0,no change,2.8999999999999995,0.0
765,2020-06-06,Tompkins County,10.0,0.0,0.0,-0.16666666666666666,-50% to -5%,0.0,no change,1.2999999999999994,0.0
766,2020-06-13,Tompkins County,2.0,0.0,0.0,-0.8,-100% to -50%,0.0,no change,-2.8999999999999986,0.0
767,2020-06-20,Tompkins County,1.0,0.0,0.0,-0.5,-100% to -50%,0.0,no change,-4.099999999999999,0.0
768,2020-06-27,Tompkins County,1.0,0.0,0.0,0.0,no change,0.0,no change,-2.8,0.0
769,2020-03-14,Ulster County,,,,0.0,no change,0.0,no change,,
770,2020-03-21,Ulster County,13.0,0.0,,0.0,no change,0.0,no change,,
771,2020-03-28,Ulster County,110.0,0.0,0.0,7.461538461538462,100%+,0.0,no change,,
772,2020-04-04,Ulster County,190.0,4.0,0.0,0.7272727272727273,50% to 100%,110.0,100%+,,
773,2020-04-11,Ulster County,271.0,-2.0,4.0,0.4263157894736842,5% to 50%,-1.5,,85.39999999999999,-0.2
774,2020-04-18,Ulster County,231.0,0.0,-2.0,-0.14760147601476015,-50% to -5%,-1.0,,44.4,-0.5999999999999999
775,2020-04-25,Ulster County,346.0,1.0,0.0,0.49783549783549785,5% to 50%,110.0,100%+,42.79999999999999,-0.6999999999999997
776,2020-05-02,Ulster County,161.0,7.0,1.0,-0.5346820809248555,-100% to -50%,6.0,100%+,-21.499999999999996,2.799999999999999
777,2020-05-09,Ulster County,113.0,19.0,7.0,-0.2981366459627329,-50% to -5%,1.7142857142857142,100%+,-53.899999999999984,6.299999999999998
778,2020-05-16,Ulster County,97.0,12.0,19.0,-0.1415929203539823,-50% to -5%,-0.3684210526315789,-50% to -5%,-79.5,4.499999999999999
779,2020-05-23,Ulster County,69.0,3.0,12.0,-0.28865979381443296,-50% to -5%,-0.75,-100% to -50%,-29.199999999999992,-1.8999999999999995
780,2020-05-30,Ulster County,72.0,3.0,3.0,0.043478260869565216,no change,0.0,no change,-15.099999999999996,-5.699999999999998
781,2020-06-06,Ulster County,36.0,0.0,3.0,-0.5,-100% to -50%,-1.0,,-17.999999999999996,-3.5999999999999988
782,2020-06-13,Ulster County,25.0,0.0,0.0,-0.3055555555555556,-50% to -5%,0.0,no change,-16.799999999999997,-1.1999999999999997
783,2020-06-20,Ulster County,11.0,2.0,0.0,-0.56,-100% to -50%,110.0,100%+,-19.4,-0.2999999999999998
784,2020-06-27,Ulster County,23.0,0.0,2.0,1.0909090909090908,100%+,-1.0,,-5.299999999999998,0.19999999999999996
785,2020-03-21,Warren County,,,,0.0,no change,0.0,no change,,
786,2020-03-28,Warren County,12.0,0.0,,0.0,no change,0.0,no change,,
787,2020-04-04,Warren County,7.0,1.0,0.0,-0.4166666666666667,-50% to -5%,110.0,100%+,,
788,2020-04-11,Warren County,24.0,0.0,1.0,2.4285714285714284,100%+,-1.0,,,
789,2020-04-18,Warren County,50.0,4.0,0.0,1.0833333333333333,100%+,110.0,100%+,13.1,1.1
790,2020-04-25,Warren County,38.0,2.0,4.0,-0.24,-50% to -5%,-0.5,-100% to -50%,11.9,0.7
791,2020-05-02,Warren County,53.0,3.0,2.0,0.39473684210526316,5% to 50%,0.5,5% to 50%,7.499999999999998,0.6999999999999997
792,2020-05-09,Warren County,17.0,12.0,3.0,-0.6792452830188679,-100% to -50%,3.0,100%+,-8.399999999999997,2.5
793,2020-05-16,Warren County,26.0,5.0,12.0,0.5294117647058824,50% to 100%,-0.5833333333333334,-100% to -50%,-7.199999999999999,1.7999999999999998
794,2020-05-23,Warren County,21.0,1.0,5.0,-0.19230769230769232,-50% to -5%,-0.8,-100% to -50%,-8.699999999999998,-1.2999999999999998
795,2020-05-30,Warren County,6.0,1.0,1.0,-0.7142857142857143,-100% to -50%,0.0,no change,-3.799999999999999,-3.7
796,2020-06-06,Warren County,2.0,2.0,1.0,-0.6666666666666666,-100% to -50%,1.0,50% to 100%,-8.700000000000001,-0.8999999999999999
797,2020-06-13,Warren County,0.0,0.0,2.0,-1.0,,-1.0,,-6.6999999999999975,-0.19999999999999996
798,2020-06-20,Warren County,4.0,0.0,0.0,100.0,100%+,0.0,no change,-0.7999999999999998,-0.4999999999999999
799,2020-06-27,Warren County,2.0,0.0,0.0,-0.5,-100% to -50%,0.0,no change,0.3999999999999999,-0.5999999999999999
800,2020-03-21,Washington County,,,,0.0,no change,0.0,no change,,
801,2020-03-28,Washington County,5.0,0.0,,0.0,no change,0.0,no change,,
802,2020-04-04,Washington County,11.0,1.0,0.0,1.2,100%+,110.0,100%+,,
803,2020-04-11,Washington County,14.0,0.0,1.0,0.2727272727272727,5% to 50%,-1.0,,,
804,2020-04-18,Washington County,21.0,0.0,0.0,0.5,5% to 50%,0.0,no change,5.099999999999999,-0.09999999999999998
805,2020-04-25,Washington County,61.0,0.0,0.0,1.9047619047619047,100%+,0.0,no change,15.7,-0.29999999999999993
806,2020-05-02,Washington County,71.0,1.0,0.0,0.16393442622950818,5% to 50%,110.0,100%+,21.099999999999994,0.29999999999999993
807,2020-05-09,Washington County,20.0,7.0,1.0,-0.7183098591549296,-100% to -50%,6.0,100%+,0.6999999999999986,2.1999999999999997
808,2020-05-16,Washington County,14.0,2.0,7.0,-0.3,-50% to -5%,-0.7142857142857143,-100% to -50%,-19.2,1.1999999999999997
809,2020-05-23,Washington County,7.0,0.0,2.0,-0.5,-100% to -50%,-1.0,,-19.8,-0.7999999999999998
810,2020-05-30,Washington County,10.0,0.0,0.0,0.42857142857142855,5% to 50%,0.0,no change,-3.7,-2.299999999999999
811,2020-06-06,Washington County,5.0,0.0,0.0,-0.5,-100% to -50%,0.0,no change,-2.3999999999999995,-0.5999999999999999
812,2020-06-13,Washington County,2.0,0.0,0.0,-0.6,-100% to -50%,0.0,no change,-1.9999999999999996,0.0
813,2020-06-20,Washington County,2.0,0.0,0.0,0.0,no change,0.0,no change,-2.6999999999999993,0.0
814,2020-06-27,Washington County,1.0,0.0,0.0,-0.5,-100% to -50%,0.0,no change,-1.1999999999999997,0.0
815,2020-03-21,Wayne County,,,,0.0,no change,0.0,no change,,
816,2020-03-28,Wayne County,9.0,0.0,,0.0,no change,0.0,no change,,
817,2020-04-04,Wayne County,18.0,0.0,0.0,1.0,50% to 100%,0.0,no change,,
818,2020-04-11,Wayne County,12.0,0.0,0.0,-0.3333333333333333,-50% to -5%,0.0,no change,,
819,2020-04-18,Wayne County,7.0,0.0,0.0,-0.4166666666666667,-50% to -5%,0.0,no change,-1.1999999999999997,0.0
820,2020-04-25,Wayne County,16.0,0.0,0.0,1.2857142857142858,100%+,0.0,no change,-1.1,0.0
821,2020-05-02,Wayne County,8.0,0.0,0.0,-0.5,-100% to -50%,0.0,no change,-0.2999999999999998,0.0
822,2020-05-09,Wayne County,6.0,1.0,0.0,-0.25,-50% to -5%,110.0,100%+,-1.0999999999999999,0.29999999999999993
823,2020-05-16,Wayne County,13.0,0.0,1.0,1.1666666666666667,100%+,-1.0,,-1.0999999999999996,0.09999999999999998
824,2020-05-23,Wayne County,15.0,0.0,0.0,0.15384615384615385,5% to 50%,0.0,no change,2.8,-0.09999999999999998
825,2020-05-30,Wayne County,6.0,0.0,0.0,-0.6,-100% to -50%,0.0,no change,0.19999999999999976,-0.29999999999999993
826,2020-06-06,Wayne County,10.0,0.0,0.0,0.6666666666666666,50% to 100%,0.0,no change,-1.7999999999999994,0.0
827,2020-06-13,Wayne County,8.0,0.0,0.0,-0.2,-50% to -5%,0.0,no change,-1.7000000000000002,0.0
828,2020-06-20,Wayne County,12.0,0.0,0.0,0.5,5% to 50%,0.0,no change,1.5999999999999996,0.0
829,2020-06-27,Wayne County,18.0,0.0,0.0,0.5,5% to 50%,0.0,no change,2.799999999999999,0.0
830,2020-03-07,Westchester County,,,,0.0,no change,0.0,no change,,
831,2020-03-14,Westchester County,109.0,0.0,,0.0,no change,0.0,no change,,
832,2020-03-21,Westchester County,1209.0,0.0,0.0,10.091743119266056,100%+,0.0,no change,,
833,2020-03-28,Westchester County,6488.0,10.0,0.0,4.36641852770885,100%+,110.0,100%+,,
834,2020-04-04,Westchester County,5205.0,187.0,10.0,-0.19774969173859433,-50% to -5%,17.7,100%+,2056.7,57.09999999999999
835,2020-04-11,Westchester County,5649.0,308.0,187.0,0.08530259365994236,5% to 50%,0.6470588235294118,50% to 100%,1203.7,110.09999999999998
836,2020-04-18,Westchester County,4450.0,233.0,308.0,-0.21224995574437955,-50% to -5%,-0.2435064935064935,-50% to -5%,-566.9999999999998,78.99999999999999
837,2020-04-25,Westchester County,4051.0,284.0,233.0,-0.0896629213483146,-50% to -5%,0.21888412017167383,5% to 50%,-466.09999999999997,21.6
838,2020-05-02,Westchester County,2396.0,161.0,284.0,-0.4085411009627253,-50% to -5%,-0.43309859154929575,-50% to -5%,-1015.7999999999997,-38.999999999999986
839,2020-05-09,Westchester County,1460.0,145.0,161.0,-0.39065108514190316,-50% to -5%,-0.09937888198757763,-50% to -5%,-1062.4999999999998,-38.699999999999996
840,2020-05-16,Westchester County,1010.0,70.0,145.0,-0.3082191780821918,-50% to -5%,-0.5172413793103449,-100% to -50%,-1005.9,-65.8
841,2020-05-23,Westchester County,784.0,53.0,70.0,-0.22376237623762377,-50% to -5%,-0.24285714285714285,-50% to -5%,-528.5999999999998,-39.89999999999999
842,2020-05-30,Westchester County,548.0,41.0,53.0,-0.3010204081632653,-50% to -5%,-0.22641509433962265,-50% to -5%,-296.2,-32.9
843,2020-06-06,Westchester County,495.0,31.0,41.0,-0.09671532846715329,-50% to -5%,-0.24390243902439024,-50% to -5%,-178.0999999999999,-12.899999999999999
844,2020-06-13,Westchester County,329.0,12.0,31.0,-0.33535353535353535,-50% to -5%,-0.6129032258064516,-100% to -50%,-141.79999999999998,-13.299999999999997
845,2020-06-20,Westchester County,233.0,9.0,12.0,-0.2917933130699088,-50% to -5%,-0.25,-50% to -5%,-111.09999999999997,-11.499999999999998
846,2020-06-27,Westchester County,262.0,8.0,9.0,0.12446351931330472,5% to 50%,-0.1111111111111111,-50% to -5%,-79.49999999999997,-7.199999999999999
847,2020-03-21,Wyoming County,,,,0.0,no change,0.0,no change,,
848,2020-03-28,Wyoming County,5.0,0.0,,0.0,no change,0.0,no change,,
849,2020-04-04,Wyoming County,11.0,1.0,0.0,1.2,100%+,110.0,100%+,,
850,2020-04-11,Wyoming County,13.0,0.0,1.0,0.18181818181818182,5% to 50%,-1.0,,,
851,2020-04-18,Wyoming County,5.0,2.0,0.0,-0.6153846153846154,-100% to -50%,110.0,100%+,0.19999999999999996,0.5
852,2020-04-25,Wyoming County,21.0,0.0,2.0,3.2,100%+,-1.0,,2.1999999999999997,-0.09999999999999998
853,2020-05-02,Wyoming County,12.0,0.0,0.0,-0.42857142857142855,-50% to -5%,0.0,no change,1.2999999999999996,-0.19999999999999996
854,2020-05-09,Wyoming County,6.0,0.0,0.0,-0.5,-100% to -50%,0.0,no change,-0.6000000000000001,-0.5999999999999999
855,2020-05-16,Wyoming County,3.0,0.0,0.0,-0.5,-100% to -50%,0.0,no change,-5.999999999999998,0.0
856,2020-05-23,Wyoming County,2.0,0.0,0.0,-0.3333333333333333,-50% to -5%,0.0,no change,-3.299999999999999,0.0
857,2020-05-30,Wyoming County,4.0,0.0,0.0,1.0,50% to 100%,0.0,no change,-0.7,0.0
858,2020-06-06,Wyoming County,5.0,0.0,0.0,0.25,5% to 50%,0.0,no change,0.7999999999999998,0.0
859,2020-06-13,Wyoming County,2.0,0.0,0.0,-0.6,-100% to -50%,0.0,no change,0.10000000000000007,0.0
860,2020-06-20,Wyoming County,2.0,0.0,0.0,0.0,no change,0.0,no change,-0.8999999999999997,0.0
861,2020-06-27,Wyoming County,2.0,0.0,0.0,0.0,no change,0.0,no change,-0.8999999999999999,0.0
862,2020-04-04,Yates County,,,,0.0,no change,0.0,no change,,
863,2020-04-11,Yates County,0.0,0.0,,0.0,no change,0.0,no change,,
864,2020-04-18,Yates County,7.0,0.0,0.0,100.0,100%+,0.0,no change,,
865,2020-04-25,Yates County,7.0,1.0,0.0,0.0,no change,110.0,100%+,,
866,2020-05-02,Yates County,2.0,0.0,1.0,-0.7142857142857143,-100% to -50%,-1.0,,0.5999999999999996,0.09999999999999998
867,2020-05-09,Yates County,2.0,2.0,0.0,0.0,no change,110.0,100%+,-1.9999999999999996,0.5
868,2020-05-16,Yates County,2.0,2.0,2.0,0.0,no change,0.0,no change,-1.4999999999999996,0.4999999999999999
869,2020-05-23,Yates County,15.0,1.0,2.0,6.5,100%+,-0.5,-100% to -50%,3.8999999999999995,0.29999999999999993
870,2020-05-30,Yates County,2.0,0.0,1.0,-0.8666666666666667,-100% to -50%,-1.0,,1.2999999999999994,-0.6999999999999997
871,2020-06-06,Yates County,0.0,0.0,0.0,-1.0,,0.0,no change,-1.9,-0.7
872,2020-06-13,Yates County,0.0,0.0,0.0,0.0,no change,0.0,no change,-4.7,-0.29999999999999993
873,2020-06-20,Yates County,2.0,0.0,0.0,100.0,100%+,0.0,no change,4.965068306494546e-17,0.0
874,2020-06-27,Yates County,4.0,0.0,0.0,1.0,50% to 100%,0.0,no change,1.3999999999999995,0.0
